mitre_id,name,tactic,description,url
T1055.011,Extra Window Memory Injection,Stealth|Privilege Escalation,Adversaries may inject malicious code into process via Extra Window Memory (EWM) in order to evade process-based defenses as well as possibly elevate privileges. EWM injection is a method of executing arbitrary code i...,https://attack.mitre.org/techniques/T1055/011
T1053.005,Scheduled Task,Execution|Persistence|Privilege Escalation,Adversaries may abuse the Windows Task Scheduler to perform task scheduling for initial or recurring execution of malicious code. There are multiple ways to access the Task Scheduler in Windows. The [schtasks](https:/...,https://attack.mitre.org/techniques/T1053/005
T1205.002,Socket Filters,Stealth|Persistence|Command And Control,"Adversaries may attach filters to a network socket to monitor then activate backdoors used for persistence or command and control. With elevated permissions, adversaries can use features such as the `libpcap` library ...",https://attack.mitre.org/techniques/T1205/002
T1560.001,Archive via Utility,Collection,"Adversaries may use utilities to compress and/or encrypt collected data prior to exfiltration. Many utilities include functionalities to compress, encrypt, or otherwise package data into a format that is easier/more s...",https://attack.mitre.org/techniques/T1560/001
T1021.005,VNC,Lateral Movement,Adversaries may use [Valid Accounts](https://attack.mitre.org/techniques/T1078) to remotely control machines using Virtual Network Computing (VNC).  VNC is a platform-independent desktop sharing system that uses the R...,https://attack.mitre.org/techniques/T1021/005
T1047,Windows Management Instrumentation,Execution,Adversaries may abuse Windows Management Instrumentation (WMI) to execute malicious commands and payloads. WMI is designed for programmers and is the infrastructure for management data and operations on Windows system...,https://attack.mitre.org/techniques/T1047
T1687,Exploitation for Defense Impairment,Defense Impairment,"Adversaries may exploit vulnerabilities in security software, infrastructure, or defensive components to degrade, disable, or otherwise continue to impair their ability to prevent, detect, or respond to malicious acti...",https://attack.mitre.org/techniques/T1687
T1113,Screen Capture,Collection,Adversaries may attempt to take screen captures of the desktop to gather information over the course of an operation. Screen capturing functionality may be included as a feature of a remote access tool used in post-co...,https://attack.mitre.org/techniques/T1113
T1027.011,Fileless Storage,Stealth,"Adversaries may store data in ""fileless"" formats to conceal malicious activity from defenses. Fileless storage can be broadly defined as any format other than a file. Common examples of non-volatile fileless storage i...",https://attack.mitre.org/techniques/T1027/011
T1037,Boot or Logon Initialization Scripts,Persistence|Privilege Escalation,Adversaries may use scripts automatically executed at boot or logon initialization to establish persistence.(Citation: Mandiant APT29 Eye Spy Email Nov 22)(Citation: Anomali Rocke March 2019) Initialization scripts ca...,https://attack.mitre.org/techniques/T1037
T1557,Adversary-in-the-Middle,Credential Access|Collection,Adversaries may attempt to position themselves between two or more networked devices using an adversary-in-the-middle (AiTM) technique to support follow-on behaviors such as [Network Sniffing](https://attack.mitre.org...,https://attack.mitre.org/techniques/T1557
T1033,System Owner/User Discovery,Discovery,"Adversaries may attempt to identify the primary user, currently logged in user, set of users that commonly uses a system, or whether a user is actively using the system. They may do this, for example, by retrieving ac...",https://attack.mitre.org/techniques/T1033
T1583,Acquire Infrastructure,Resource Development,"Adversaries may buy, lease, rent, or obtain infrastructure that can be used during targeting. A wide variety of infrastructure exists for hosting and orchestrating adversary operations. Infrastructure solutions includ...",https://attack.mitre.org/techniques/T1583
T1218.011,Rundll32,Stealth,"Adversaries may abuse rundll32.exe to proxy execution of malicious code. Using rundll32.exe, vice executing directly (i.e. [Shared Modules](https://attack.mitre.org/techniques/T1129)), may avoid triggering security to...",https://attack.mitre.org/techniques/T1218/011
T1613,Container and Resource Discovery,Discovery,"Adversaries may attempt to discover containers and other resources that are available within a containers environment. Other resources may include images, deployments, pods, nodes, and other information such as the st...",https://attack.mitre.org/techniques/T1613
T1583.007,Serverless,Resource Development,"Adversaries may purchase and configure serverless cloud infrastructure, such as Cloudflare Workers, AWS Lambda functions, or Google Apps Scripts, that can be used during targeting. By utilizing serverless infrastructu...",https://attack.mitre.org/techniques/T1583/007
T1132.001,Standard Encoding,Command And Control,Adversaries may encode data with a standard data encoding system to make the content of command and control traffic more difficult to detect. Command and control (C2) information can be encoded using a standard data e...,https://attack.mitre.org/techniques/T1132/001
T1027.009,Embedded Payloads,Stealth,Adversaries may embed payloads within other files to conceal malicious content from defenses. Otherwise seemingly benign files (such as scripts and executables) may be abused to carry and obfuscate malicious payloads ...,https://attack.mitre.org/techniques/T1027/009
T1556.003,Pluggable Authentication Modules,Defense Impairment|Persistence|Credential Access,"Adversaries may modify pluggable authentication modules (PAM) to access user credentials or enable otherwise unwarranted access to accounts. PAM is a modular system of configuration files, libraries, and executable fi...",https://attack.mitre.org/techniques/T1556/003
T1578.004,Revert Cloud Instance,Defense Impairment,"An adversary may revert changes made to a cloud instance after they have performed malicious activities in attempt to evade detection and remove evidence of their presence. In highly virtualized environments, such as ...",https://attack.mitre.org/techniques/T1578/004
T1592,Gather Victim Host Information,Reconnaissance,"Adversaries may gather information about the victim's hosts that can be used during targeting. Information about hosts may include a variety of details, including administrative data (ex: name, assigned IP, functional...",https://attack.mitre.org/techniques/T1592
T1596.003,Digital Certificates,Reconnaissance,Adversaries may search public digital certificate data for information about victims that can be used during targeting. Digital certificates are issued by a certificate authority (CA) in order to cryptographically ver...,https://attack.mitre.org/techniques/T1596/003
T1056.001,Keylogging,Collection|Credential Access,Adversaries may log user keystrokes to intercept credentials as the user types them. Keylogging is likely to be used to acquire credentials for new access opportunities when [OS Credential Dumping](https://attack.mitr...,https://attack.mitre.org/techniques/T1056/001
T1564.012,File/Path Exclusions,Stealth,Adversaries may attempt to hide their file-based artifacts by writing them to specific folders or file names excluded from antivirus (AV) scanning and other defensive capabilities. AV and other file-based scanners oft...,https://attack.mitre.org/techniques/T1564/012
T1222.002,Linux and Mac Permissions,Defense Impairment,Adversaries may modify file or directory permissions/attributes to evade access control lists (ACLs) and access protected files.(Citation: Hybrid Analysis Icacls1 June 2018)(Citation: Hybrid Analysis Icacls2 May 2018)...,https://attack.mitre.org/techniques/T1222/002
T1110.001,Password Guessing,Credential Access,"Adversaries with no prior knowledge of legitimate credentials within the system or environment may guess passwords to attempt access to accounts. Without knowledge of the password for an account, an adversary may opt ...",https://attack.mitre.org/techniques/T1110/001
T1216.001,PubPrn,Stealth,Adversaries may use PubPrn to proxy execution of malicious remote files. PubPrn.vbs is a [Visual Basic](https://attack.mitre.org/techniques/T1059/005) script that publishes a printer to Active Directory Domain Service...,https://attack.mitre.org/techniques/T1216/001
T1597.002,Purchase Technical Data,Reconnaissance,"Adversaries may purchase technical information about victims that can be used during targeting. Information about victims may be available for purchase within reputable private sources and databases, such as paid subs...",https://attack.mitre.org/techniques/T1597/002
T1003,OS Credential Dumping,Credential Access,"Adversaries may attempt to dump credentials to obtain account login and credential material, normally in the form of a hash or a clear text password. Credentials can be obtained from OS caches, memory, or structures.(...",https://attack.mitre.org/techniques/T1003
T1129,Shared Modules,Execution,"Adversaries may execute malicious payloads via loading shared modules. Shared modules are executable files that are loaded into processes to provide access to reusable code, such as specific custom functions or invoki...",https://attack.mitre.org/techniques/T1129
T1602,Data from Configuration Repository,Collection,"Adversaries may collect data related to managed devices from configuration repositories. Configuration repositories are used by management systems in order to configure, manage, and control data on remote systems. Con...",https://attack.mitre.org/techniques/T1602
T1561.002,Disk Structure Wipe,Impact,Adversaries may corrupt or wipe the disk data structures on a hard drive necessary to boot a system; targeting specific critical systems or in large numbers in a network to interrupt availability to system and network...,https://attack.mitre.org/techniques/T1561/002
T1498.001,Direct Network Flood,Impact,Adversaries may attempt to cause a denial of service (DoS) by directly sending a high-volume of network traffic to a target. This DoS attack may also reduce the availability and functionality of the targeted system(s)...,https://attack.mitre.org/techniques/T1498/001
T1574.007,Path Interception by PATH Environment Variable,Stealth|Execution,Adversaries may execute their own malicious payloads by hijacking environment variables used to load libraries. The PATH environment variable contains a list of directories (User and System) that the OS searches seque...,https://attack.mitre.org/techniques/T1574/007
T1213.002,Sharepoint,Collection,Adversaries may leverage the SharePoint repository as a source to mine valuable information. SharePoint will often contain useful information for an adversary to learn about the structure and functionality of the inte...,https://attack.mitre.org/techniques/T1213/002
T1006,Direct Volume Access,Stealth,Adversaries may directly access a volume to bypass file access controls and file system monitoring. Windows allows programs to have direct access to logical volumes. Programs with direct access may read and write file...,https://attack.mitre.org/techniques/T1006
T1588.007,Artificial Intelligence,Resource Development,"Adversaries may obtain access to generative artificial intelligence tools, such as large language models (LLMs), to aid various techniques during targeting. These tools may be used to inform, bolster, and enable a var...",https://attack.mitre.org/techniques/T1588/007
T1666,Modify Cloud Resource Hierarchy,Defense Impairment,Adversaries may attempt to modify hierarchical structures in infrastructure-as-a-service (IaaS) environments in order to evade defenses.,https://attack.mitre.org/techniques/T1666
T1564.008,Email Hiding Rules,Stealth,"Adversaries may use email rules to hide inbound emails in a compromised user's mailbox. Many email clients allow users to create inbox rules for various email functions, including moving emails to other folders, marki...",https://attack.mitre.org/techniques/T1564/008
T1491.002,External Defacement,Impact,"An adversary may deface systems external to an organization in an attempt to deliver messaging, intimidate, or otherwise mislead an organization or users. [External Defacement](https://attack.mitre.org/techniques/T149...",https://attack.mitre.org/techniques/T1491/002
T1027.013,Encrypted/Encoded File,Stealth,"Adversaries may encrypt or encode files to obfuscate strings, bytes, and other specific patterns to impede detection. Encrypting and/or encoding file content aims to conceal malicious artifacts within a file used in a...",https://attack.mitre.org/techniques/T1027/013
T1590.005,IP Addresses,Reconnaissance,"Adversaries may gather the victim's IP addresses that can be used during targeting. Public IP addresses may be allocated to organizations by block, or a range of sequential addresses. Information about assigned IP add...",https://attack.mitre.org/techniques/T1590/005
T1499.001,OS Exhaustion Flood,Impact,Adversaries may launch a denial of service (DoS) attack targeting an endpoint's operating system (OS). A system's OS is responsible for managing the finite resources as well as preventing the entire system from being ...,https://attack.mitre.org/techniques/T1499/001
T1014,Rootkit,Stealth,"Adversaries may use rootkits to hide the presence of programs, files, network connections, services, drivers, and other system components. Rootkits are programs that hide the existence of malware by intercepting/hooki...",https://attack.mitre.org/techniques/T1014
T1546.013,PowerShell Profile,Privilege Escalation|Persistence,Adversaries may gain persistence and elevate privileges by executing malicious content triggered by PowerShell profiles. A PowerShell profile  (<code>profile.ps1</code>) is a script that runs when [PowerShell](https:/...,https://attack.mitre.org/techniques/T1546/013
T1059.007,JavaScript,Execution,"Adversaries may abuse various implementations of JavaScript for execution. JavaScript (JS) is a platform-independent scripting language (compiled just-in-time at runtime) commonly associated with scripts in webpages, ...",https://attack.mitre.org/techniques/T1059/007
T1685.003,Modify or Spoof Tool UI,Defense Impairment,Adversaries may spoof or manipulate security tool user interfaces (UIs) to falsely indicate tools are functioning normally and delay detection and response.,https://attack.mitre.org/techniques/T1685/003
T1590.002,DNS,Reconnaissance,"Adversaries may gather information about the victim's DNS that can be used during targeting. DNS information may include a variety of details, including registered name servers as well as records that outline addressi...",https://attack.mitre.org/techniques/T1590/002
T1485.001,Lifecycle-Triggered Deletion,Impact,Adversaries may modify the lifecycle policies of a cloud storage bucket to destroy all objects stored within.,https://attack.mitre.org/techniques/T1485/001
T1123,Audio Capture,Collection,"An adversary can leverage a computer's peripheral devices (e.g., microphones and webcams) or applications (e.g., voice and video call services) to capture audio recordings for the purpose of listening into sensitive c...",https://attack.mitre.org/techniques/T1123
T1543,Create or Modify System Process,Persistence|Privilege Escalation,"Adversaries may create or modify system-level processes to repeatedly execute malicious payloads as part of persistence. When operating systems boot up, they can start processes that perform background system function...",https://attack.mitre.org/techniques/T1543
T1133,External Remote Services,Persistence|Initial Access,"Adversaries may leverage external-facing remote services to initially access and/or persist within a network. Remote services such as VPNs, Citrix, and other access mechanisms allow users to connect to internal enterp...",https://attack.mitre.org/techniques/T1133
T1546.006,LC_LOAD_DYLIB Addition,Privilege Escalation|Persistence,Adversaries may establish persistence by executing malicious content triggered by the execution of tainted binaries. Mach-O binaries have a series of headers that are used to perform certain operations when a binary i...,https://attack.mitre.org/techniques/T1546/006
T1539,Steal Web Session Cookie,Credential Access,An adversary may steal web application or service session cookies and use them to gain access to web applications or Internet services as an authenticated user without needing credentials. Web applications and service...,https://attack.mitre.org/techniques/T1539
T1053.007,Container Orchestration Job,Execution|Persistence|Privilege Escalation,Adversaries may abuse task scheduling functionality provided by container orchestration tools such as Kubernetes to schedule deployment of containers configured to execute malicious code. Container orchestration jobs ...,https://attack.mitre.org/techniques/T1053/007
T1568.002,Domain Generation Algorithms,Command And Control,Adversaries may make use of Domain Generation Algorithms (DGAs) to dynamically identify a destination domain for command and control traffic rather than relying on a list of static IP addresses or domains. This has th...,https://attack.mitre.org/techniques/T1568/002
T1036.007,Double File Extension,Stealth,Adversaries may abuse a double extension in the filename as a means of masquerading the true file type. A file name may include a secondary file type extension that may cause only the first extension to be displayed (...,https://attack.mitre.org/techniques/T1036/007
T1548.002,Bypass User Account Control,Privilege Escalation,Adversaries may bypass UAC mechanisms to elevate process privileges on system. Windows User Account Control (UAC) allows a program to elevate its privileges (tracked as integrity levels ranging from low to high) to pe...,https://attack.mitre.org/techniques/T1548/002
T1496.003,SMS Pumping,Impact,"Adversaries may leverage messaging services for SMS pumping, which may impact system and/or hosted service availability.(Citation: Twilio SMS Pumping) SMS pumping is a type of telecommunications fraud whereby a threat...",https://attack.mitre.org/techniques/T1496/003
T1016.001,Internet Connection Discovery,Discovery,Adversaries may check for Internet connectivity on compromised systems. This may be performed during automated discovery and can be accomplished in numerous ways such as using [Ping](https://attack.mitre.org/software/...,https://attack.mitre.org/techniques/T1016/001
T1548.003,Sudo and Sudo Caching,Privilege Escalation,Adversaries may perform sudo caching and/or use the sudoers file to elevate privileges. Adversaries may do this to execute commands as other users or spawn processes with higher privileges.,https://attack.mitre.org/techniques/T1548/003
T1685.001,Disable or Modify Windows Event Log,Defense Impairment,Adversaries may disable or modify the Windows Event Log to limit data that can be leveraged for detections and audits. Windows Event Log records user and system activity such as login attempts and process creation.(Ci...,https://attack.mitre.org/techniques/T1685/001
T1682,Query Public AI Services,Reconnaissance,"Adversaries may query publicly accessible artificial intelligence (AI) services, such as large language models (LLMs), to support targeting and operations. In addition to searching websites or databases directly (i.e....",https://attack.mitre.org/techniques/T1682
T1560.003,Archive via Custom Method,Collection,"An adversary may compress or encrypt data that is collected prior to exfiltration using a custom method. Adversaries may choose to use custom archival methods, such as encryption with XOR or stream ciphers implemented...",https://attack.mitre.org/techniques/T1560/003
T1578,Modify Cloud Compute Infrastructure,Defense Impairment,"An adversary may attempt to modify a cloud account's compute service infrastructure to evade defenses. A modification to the compute service infrastructure can include the creation, deletion, or modification of one or...",https://attack.mitre.org/techniques/T1578
T1584.008,Network Devices,Resource Development,"Adversaries may compromise third-party network devices that can be used during targeting. Network devices, such as small office/home office (SOHO) routers, may be compromised where the adversary's ultimate goal is not...",https://attack.mitre.org/techniques/T1584/008
T1583.008,Malvertising,Resource Development,"Adversaries may purchase online advertisements that can be abused to distribute malware to victims. Ads can be purchased to plant as well as favorably position artifacts in specific locations  online, such as prominen...",https://attack.mitre.org/techniques/T1583/008
T1069,Permission Groups Discovery,Discovery,"Adversaries may attempt to discover group and permission settings. This information can help adversaries determine which user accounts and groups are available, the membership of users in particular groups, and which ...",https://attack.mitre.org/techniques/T1069
T1114,Email Collection,Collection,"Adversaries may target user email to collect sensitive information. Emails may contain sensitive data, including trade secrets or personal information, that can prove valuable to adversaries. Emails may also contain d...",https://attack.mitre.org/techniques/T1114
T1003.002,Security Account Manager,Credential Access,Adversaries may attempt to extract credential material from the Security Account Manager (SAM) database either through in-memory techniques or through the Windows Registry where the SAM database is stored. The SAM is ...,https://attack.mitre.org/techniques/T1003/002
T1596.002,WHOIS,Reconnaissance,Adversaries may search public WHOIS data for information about victims that can be used during targeting. WHOIS data is stored by regional Internet registries (RIR) responsible for allocating and assigning Internet re...,https://attack.mitre.org/techniques/T1596/002
T1542.001,System Firmware,Stealth|Persistence,Adversaries may modify system firmware to persist on systems.The BIOS (Basic Input/Output System) and The Unified Extensible Firmware Interface (UEFI) or Extensible Firmware Interface (EFI) are examples of system firm...,https://attack.mitre.org/techniques/T1542/001
T1594,Search Victim-Owned Websites,Reconnaissance,"Adversaries may search websites owned by the victim for information that can be used during targeting. Victim-owned websites may contain a variety of details, including names of departments/divisions, physical locatio...",https://attack.mitre.org/techniques/T1594
T1069.003,Cloud Groups,Discovery,"Adversaries may attempt to find cloud groups and permission settings. The knowledge of cloud permission groups can help adversaries determine the particular roles of users and groups within an environment, as well as ...",https://attack.mitre.org/techniques/T1069/003
T1574.011,Services Registry Permissions Weakness,Stealth|Execution,Adversaries may execute their own malicious payloads by hijacking the Registry entries used by services. Flaws in the permissions for Registry keys related to services can allow adversaries to redirect the originally ...,https://attack.mitre.org/techniques/T1574/011
T1596.001,DNS/Passive DNS,Reconnaissance,"Adversaries may search DNS data for information about victims that can be used during targeting. DNS information may include a variety of details, including registered name servers as well as records that outline addr...",https://attack.mitre.org/techniques/T1596/001
T1499.003,Application Exhaustion Flood,Impact,"Adversaries may target resource intensive features of applications to cause a denial of service (DoS), denying availability to those applications. For example, specific features in web applications may be highly resou...",https://attack.mitre.org/techniques/T1499/003
T1195.001,Compromise Software Dependencies and Development Tools,Initial Access,Adversaries may manipulate software dependencies and development tools prior to receipt by a final consumer for the purpose of data or system compromise. Applications often depend on external software to function prop...,https://attack.mitre.org/techniques/T1195/001
T1588.004,Digital Certificates,Resource Development,"Adversaries may buy and/or steal SSL/TLS certificates that can be used during targeting. SSL/TLS certificates are designed to instill trust. They include information about the key, information about its owner's identi...",https://attack.mitre.org/techniques/T1588/004
T1583.002,DNS Server,Resource Development,"Adversaries may set up their own Domain Name System (DNS) servers that can be used during targeting. During post-compromise activity, adversaries may utilize DNS traffic for various tasks, including for Command and Co...",https://attack.mitre.org/techniques/T1583/002
T1561,Disk Wipe,Impact,"Adversaries may wipe or corrupt raw disk data on specific systems or in large numbers in a network to interrupt availability to system and network resources. With direct write access to a disk, adversaries may attempt...",https://attack.mitre.org/techniques/T1561
T1071.004,DNS,Command And Control,"Adversaries may communicate using the Domain Name System (DNS) application layer protocol to avoid detection/network filtering by blending in with existing traffic. Commands to the remote system, and often the results...",https://attack.mitre.org/techniques/T1071/004
T1552.005,Cloud Instance Metadata API,Credential Access,Adversaries may attempt to access the Cloud Instance Metadata API to collect credentials and other sensitive data.,https://attack.mitre.org/techniques/T1552/005
T1555.002,Securityd Memory,Credential Access,An adversary with root access may gather credentials by reading `securityd`’s memory. `securityd` is a service/daemon responsible for implementing security protocols such as encryption and authorization.(Citation: App...,https://attack.mitre.org/techniques/T1555/002
T1615,Group Policy Discovery,Discovery,"Adversaries may gather information on Group Policy settings to identify paths for privilege escalation, security measures applied within a domain, and to discover patterns in domain objects that can be manipulated or ...",https://attack.mitre.org/techniques/T1615
T1542.003,Bootkit,Stealth|Persistence,"Adversaries may use bootkits to persist on systems. A bootkit is a malware variant that modifies the boot sectors of a hard drive, allowing malicious code to execute before a computer's operating system has loaded. Bo...",https://attack.mitre.org/techniques/T1542/003
T1025,Data from Removable Media,Collection,"Adversaries may search connected removable media on computers they have compromised to find files of interest. Sensitive data can be collected from any removable media (optical disk drive, USB memory, etc.) connected ...",https://attack.mitre.org/techniques/T1025
T1218.013,Mavinject,Stealth,"Adversaries may abuse mavinject.exe to proxy execution of malicious code. Mavinject.exe is the Microsoft Application Virtualization Injector, a Windows utility that can inject code into external processes as part of M...",https://attack.mitre.org/techniques/T1218/013
T1074.001,Local Data Staging,Collection,Adversaries may stage collected data in a central location or directory on the local system prior to Exfiltration. Data may be kept in separate files or combined into one file through techniques such as [Archive Colle...,https://attack.mitre.org/techniques/T1074/001
T1036.005,Match Legitimate Resource Name or Location,Stealth,"Adversaries may match or approximate the name or location of legitimate files, Registry keys, or other resources when naming/placing them. This is done for the sake of evading defenses and observation.",https://attack.mitre.org/techniques/T1036/005
T1587.003,Digital Certificates,Resource Development,"Adversaries may create self-signed SSL/TLS certificates that can be used during targeting. SSL/TLS certificates are designed to instill trust. They include information about the key, information about its owner's iden...",https://attack.mitre.org/techniques/T1587/003
T1565.001,Stored Data Manipulation,Impact,"Adversaries may insert, delete, or manipulate data at rest in order to influence external outcomes or hide activity, thus threatening the integrity of the data.(Citation: FireEye APT38 Oct 2018)(Citation: DOJ Lazarus ...",https://attack.mitre.org/techniques/T1565/001
T1110.002,Password Cracking,Credential Access,"Adversaries may use password cracking to attempt to recover usable credentials, such as plaintext passwords, when credential material such as password hashes are obtained. [OS Credential Dumping](https://attack.mitre....",https://attack.mitre.org/techniques/T1110/002
T1114.001,Local Email Collection,Collection,"Adversaries may target user email on local systems to collect sensitive information. Files containing email data can be acquired from a user’s local system, such as Outlook storage or cache files.",https://attack.mitre.org/techniques/T1114/001
T1555.001,Keychain,Credential Access,"Adversaries may acquire credentials from Keychain. Keychain (or Keychain Services) is the macOS credential management system that stores account names, passwords, private keys, certificates, sensitive application data...",https://attack.mitre.org/techniques/T1555/001
T1547,Boot or Logon Autostart Execution,Persistence|Privilege Escalation,Adversaries may configure system settings to automatically execute a program during system boot or logon to maintain persistence or gain higher-level privileges on compromised systems. Operating systems may have mecha...,https://attack.mitre.org/techniques/T1547
T1003.004,LSA Secrets,Credential Access,"Adversaries with SYSTEM access to a host may attempt to access Local Security Authority (LSA) secrets, which can contain a variety of different credential materials, such as credentials for service accounts.(Citation:...",https://attack.mitre.org/techniques/T1003/004
T1600,Weaken Encryption,Defense Impairment,Adversaries may compromise a network device’s encryption capability in order to bypass encryption that would otherwise protect data communications.(Citation: Cisco Synful Knock Evolution),https://attack.mitre.org/techniques/T1600
T1606.002,SAML Tokens,Credential Access,An adversary may forge SAML tokens with any permissions claims and lifetimes if they possess a valid SAML token-signing certificate.(Citation: Microsoft SolarWinds Steps) The default lifetime of a SAML token is one ho...,https://attack.mitre.org/techniques/T1606/002
T1036.008,Masquerade File Type,Stealth,"Adversaries may masquerade malicious payloads as legitimate files through changes to the payload's formatting, including the file’s signature, extension, icon, and contents. Various file types have a typical standard ...",https://attack.mitre.org/techniques/T1036/008
T1489,Service Stop,Impact,Adversaries may stop or disable services on a system to render those services unavailable to legitimate users. Stopping critical services or processes can inhibit or stop response to an incident or aid in the adversar...,https://attack.mitre.org/techniques/T1489
T1587.001,Malware,Resource Development,"Adversaries may develop malware and malware components that can be used during targeting. Building malicious software can include the development of payloads, droppers, post-compromise tools, backdoors (including back...",https://attack.mitre.org/techniques/T1587/001
T1652,Device Driver Discovery,Discovery,"Adversaries may attempt to enumerate local device drivers on a victim host. Information about device drivers may highlight various insights that shape follow-on behaviors, such as the function/purpose of the host, pre...",https://attack.mitre.org/techniques/T1652
T1087.002,Domain Account,Discovery,Adversaries may attempt to get a listing of domain accounts. This information can help adversaries determine which domain accounts exist to aid in follow-on behavior such as targeting specific accounts which possess p...,https://attack.mitre.org/techniques/T1087/002
T1547.014,Active Setup,Persistence|Privilege Escalation,Adversaries may achieve persistence by adding a Registry key to the Active Setup of the local machine. Active Setup is a Windows mechanism that is used to execute programs when a user logs in. The value stored in the ...,https://attack.mitre.org/techniques/T1547/014
T1564,Hide Artifacts,Stealth,"Adversaries may attempt to hide artifacts associated with their behaviors to evade detection. Operating systems may have features to hide various artifacts, such as important system files and administrative task execu...",https://attack.mitre.org/techniques/T1564
T1559.002,Dynamic Data Exchange,Execution,Adversaries may use Windows Dynamic Data Exchange (DDE) to execute arbitrary commands. DDE is a client-server protocol for one-time and/or continuous inter-process communication (IPC) between applications. Once a link...,https://attack.mitre.org/techniques/T1559/002
T1204.002,Malicious File,Execution,An adversary may rely upon a user opening a malicious file in order to gain execution. Users may be subjected to social engineering to get them to open a file that will lead to code execution. This user action will ty...,https://attack.mitre.org/techniques/T1204/002
T1591.003,Identify Business Tempo,Reconnaissance,"Adversaries may gather information about the victim's business tempo that can be used during targeting. Information about an organization’s business tempo may include a variety of details, including operational hours/...",https://attack.mitre.org/techniques/T1591/003
T1685.004,Disable or Modify Linux Audit System Log,Defense Impairment,Adversaries may disable or modify the Linux Audit system to hide malicious activity and avoid detection. Linux admins use the Linux Audit system to track security-relevant information on a system. The Linux Audit syst...,https://attack.mitre.org/techniques/T1685/004
T1071.005,Publish/Subscribe Protocols,Command And Control,"Adversaries may communicate using publish/subscribe (pub/sub) application layer protocols to avoid detection/network filtering by blending in with existing traffic. Commands to the remote system, and often the results...",https://attack.mitre.org/techniques/T1071/005
T1592.001,Hardware,Reconnaissance,Adversaries may gather information about the victim's host hardware that can be used during targeting. Information about hardware infrastructure may include a variety of details such as types and versions on specific ...,https://attack.mitre.org/techniques/T1592/001
T1080,Taint Shared Content,Lateral Movement,"Adversaries may deliver payloads to remote systems by adding content to shared storage locations, such as network drives or internal code repositories. Content stored on network drives or in other shared locations may...",https://attack.mitre.org/techniques/T1080
T1484.002,Trust Modification,Defense Impairment|Privilege Escalation,"Adversaries may add new domain trusts, modify the properties of existing domain trusts, or otherwise change the configuration of trust relationships between domains and tenants to evade defenses and/or elevate privile...",https://attack.mitre.org/techniques/T1484/002
T1213.006,Databases,Collection,Adversaries may leverage databases to mine valuable information. These databases may be hosted on-premises or in the cloud (both in platform-as-a-service and software-as-a-service environments).,https://attack.mitre.org/techniques/T1213/006
T1573.001,Symmetric Cryptography,Command And Control,Adversaries may employ a known symmetric encryption algorithm to conceal command and control traffic rather than relying on any inherent protections provided by a communication protocol. Symmetric encryption algorithm...,https://attack.mitre.org/techniques/T1573/001
T1087.001,Local Account,Discovery,Adversaries may attempt to get a listing of local system accounts. This information can help adversaries determine which local accounts exist on a system to aid in follow-on behavior.,https://attack.mitre.org/techniques/T1087/001
T1586.001,Social Media Accounts,Resource Development,"Adversaries may compromise social media accounts that can be used during targeting. For operations incorporating social engineering, the utilization of an online persona may be important. Rather than creating and cult...",https://attack.mitre.org/techniques/T1586/001
T1176.001,Browser Extensions,Persistence,Adversaries may abuse internet browser extensions to establish persistent access to victim systems. Browser extensions or plugins are small programs that can add functionality to and customize aspects of internet brow...,https://attack.mitre.org/techniques/T1176/001
T1542.005,TFTP Boot,Stealth|Persistence,Adversaries may abuse netbooting to load an unauthorized network device operating system from a Trivial File Transfer Protocol (TFTP) server. TFTP boot (netbooting) is commonly used by network administrators to load c...,https://attack.mitre.org/techniques/T1542/005
T1686.003,Windows Host Firewall,Defense Impairment,"Adversaries may disable or modify the Windows host firewall to bypass controls limiting network usage. This can include disabling the Windows host firewall entirely, suppressing specific profiles (domain, private, pub...",https://attack.mitre.org/techniques/T1686/003
T1543.003,Windows Service,Persistence|Privilege Escalation,"Adversaries may create or modify Windows services to repeatedly execute malicious payloads as part of persistence. When Windows boots up, it starts programs or applications called services that perform background syst...",https://attack.mitre.org/techniques/T1543/003
T1568.001,Fast Flux DNS,Command And Control,"Adversaries may use Fast Flux DNS to hide a command and control channel behind an array of rapidly changing IP addresses linked to a single domain resolution. This technique uses a fully qualified domain name, with mu...",https://attack.mitre.org/techniques/T1568/001
T1497.001,System Checks,Stealth|Discovery,Adversaries may employ various system checks to detect and avoid virtualization and analysis environments. This may include changing behaviors based on the results of checks for the presence of artifacts indicative of...,https://attack.mitre.org/techniques/T1497/001
T1053.003,Cron,Execution|Persistence|Privilege Escalation,Adversaries may abuse the <code>cron</code> utility to perform task scheduling for initial or recurring execution of malicious code.(Citation: 20 macOS Common Tools and Techniques) The <code>cron</code> utility is a t...,https://attack.mitre.org/techniques/T1053/003
T1069.002,Domain Groups,Discovery,Adversaries may attempt to find domain-level groups and permission settings. The knowledge of domain-level permission groups can help adversaries determine which groups exist and which users belong to a particular gro...,https://attack.mitre.org/techniques/T1069/002
T1588.006,Vulnerabilities,Resource Development,"Adversaries may acquire information about vulnerabilities that can be used during targeting. A vulnerability is a weakness in computer hardware or software that can, potentially, be exploited by an adversary to cause ...",https://attack.mitre.org/techniques/T1588/006
T1566.002,Spearphishing Link,Initial Access,Adversaries may send spearphishing emails with a malicious link in an attempt to gain access to victim systems. Spearphishing with a link is a specific variant of spearphishing. It is different from other forms of spe...,https://attack.mitre.org/techniques/T1566/002
T1499.004,Application or System Exploitation,Impact,Adversaries may exploit software vulnerabilities that can cause an application or system to crash and deny availability to users. (Citation: Sucuri BIND9 August 2015) Some systems may automatically restart critical ap...,https://attack.mitre.org/techniques/T1499/004
T1137,Office Application Startup,Persistence,Adversaries may leverage Microsoft Office-based applications for persistence between startups. Microsoft Office is a fairly common application suite on Windows-based operating systems within an enterprise network. The...,https://attack.mitre.org/techniques/T1137
T1218.004,InstallUtil,Stealth,Adversaries may use InstallUtil to proxy execution of code through a trusted Windows utility. InstallUtil is a command-line utility that allows for installation and uninstallation of resources by executing specific in...,https://attack.mitre.org/techniques/T1218/004
T1598.003,Spearphishing Link,Reconnaissance,Adversaries may send spearphishing messages with a malicious link to elicit sensitive information that can be used during targeting. Spearphishing for information is an attempt to trick targets into divulging informat...,https://attack.mitre.org/techniques/T1598/003
T1021.004,SSH,Lateral Movement,Adversaries may use [Valid Accounts](https://attack.mitre.org/techniques/T1078) to log into remote machines using Secure Shell (SSH). The adversary may then perform actions as the logged-on user.,https://attack.mitre.org/techniques/T1021/004
T1098.003,Additional Cloud Roles,Persistence|Privilege Escalation,"An adversary may add additional roles or permissions to an adversary-controlled cloud account to maintain persistent access to a tenant. For example, adversaries may update IAM policies in cloud-based environments or ...",https://attack.mitre.org/techniques/T1098/003
T1547.012,Print Processors,Persistence|Privilege Escalation,"Adversaries may abuse print processors to run malicious DLLs during system boot for persistence and/or privilege escalation. Print processors are DLLs that are loaded by the print spooler service, `spoolsv.exe`, durin...",https://attack.mitre.org/techniques/T1547/012
T1566.001,Spearphishing Attachment,Initial Access,Adversaries may send spearphishing emails with a malicious attachment in an attempt to gain access to victim systems. Spearphishing attachment is a specific variant of spearphishing. Spearphishing attachment is differ...,https://attack.mitre.org/techniques/T1566/001
T1027.008,Stripped Payloads,Stealth,"Adversaries may attempt to make a payload difficult to analyze by removing symbols, strings, and other human readable information. Scripts and executables may contain variables names and other strings that help develo...",https://attack.mitre.org/techniques/T1027/008
T1559.001,Component Object Model,Execution,Adversaries may use the Windows Component Object Model (COM) for local code execution. COM is an inter-process communication (IPC) component of the native Windows application programming interface (API) that enables i...,https://attack.mitre.org/techniques/T1559/001
T1574.001,DLL,Stealth|Execution,"Adversaries may abuse dynamic-link library files (DLLs) in order to achieve persistence, escalate privileges, and evade defenses. DLLs are libraries that contain code and data that can be simultaneously utilized by mu...",https://attack.mitre.org/techniques/T1574/001
T1119,Automated Collection,Collection,"Once established within a system or network, an adversary may use automated techniques for collecting internal data. Methods for performing this technique could include use of a [Command and Scripting Interpreter](htt...",https://attack.mitre.org/techniques/T1119
T1689,Downgrade Attack,Defense Impairment,"Adversaries may downgrade or use a version of system features that may be outdated, vulnerable, and/or does not support updated security controls. Downgrade attacks typically take advantage of a system’s backward comp...",https://attack.mitre.org/techniques/T1689
T1115,Clipboard Data,Collection,Adversaries may collect data stored in the clipboard from users copying information within or between applications.,https://attack.mitre.org/techniques/T1115
T1003.007,Proc Filesystem,Credential Access,Adversaries may gather credentials from the proc filesystem or `/proc`. The proc filesystem is a pseudo-filesystem used as an interface to kernel data structures for Linux based systems managing virtual memory. For ea...,https://attack.mitre.org/techniques/T1003/007
T1583.005,Botnet,Resource Development,"Adversaries may buy, lease, or rent a network of compromised systems that can be used during targeting. A botnet is a network of compromised systems that can be instructed to perform coordinated tasks.(Citation: Norto...",https://attack.mitre.org/techniques/T1583/005
T1555.005,Password Managers,Credential Access,"Adversaries may acquire user credentials from third-party password managers.(Citation: ise Password Manager February 2019) Password managers are applications designed to store user credentials, normally in an encrypte...",https://attack.mitre.org/techniques/T1555/005
T1553.001,Gatekeeper Bypass,Defense Impairment,Adversaries may modify file attributes and subvert Gatekeeper functionality to evade user prompts and execute untrusted programs. Gatekeeper is a set of technologies that act as layer of Apple’s security model to ensu...,https://attack.mitre.org/techniques/T1553/001
T1675,ESXi Administration Command,Execution,"Adversaries may abuse ESXi administration services to execute commands on guest machines hosted within an ESXi virtual environment. Persistent background services on ESXi-hosted VMs, such as the VMware Tools Daemon Se...",https://attack.mitre.org/techniques/T1675
T1608.004,Drive-by Target,Resource Development,"Adversaries may prepare an operational environment to infect systems that visit a website over the normal course of browsing. Endpoint systems may be compromised through browsing to adversary controlled sites, as in [...",https://attack.mitre.org/techniques/T1608/004
T1007,System Service Discovery,Discovery,"Adversaries may try to gather information about registered local system services. Adversaries may obtain information about services using tools as well as OS utility commands such as <code>sc query</code>, <code>taskl...",https://attack.mitre.org/techniques/T1007
T1040,Network Sniffing,Credential Access|Discovery,"Adversaries may passively sniff network traffic to capture information about an environment, including authentication material passed over the network. Network sniffing refers to using the network interface on a syste...",https://attack.mitre.org/techniques/T1040
T1553.002,Code Signing,Defense Impairment,"Adversaries may create, acquire, or steal code signing materials to sign their malware or tools. Code signing provides a level of authenticity on a binary from the developer and a guarantee that the binary has not bee...",https://attack.mitre.org/techniques/T1553/002
T1530,Data from Cloud Storage,Collection,Adversaries may access data from cloud storage.,https://attack.mitre.org/techniques/T1530
T1565.003,Runtime Data Manipulation,Impact,"Adversaries may modify systems in order to manipulate the data as it is accessed and displayed to an end user, thus threatening the integrity of the data.(Citation: FireEye APT38 Oct 2018)(Citation: DOJ Lazarus Sony 2...",https://attack.mitre.org/techniques/T1565/003
T1552.002,Credentials in Registry,Credential Access,Adversaries may search the Registry on compromised systems for insecurely stored credentials. The Windows Registry stores configuration information that can be used by the system or other programs. Adversaries may que...,https://attack.mitre.org/techniques/T1552/002
T1135,Network Share Discovery,Discovery,Adversaries may look for folders and drives shared on remote systems as a means of identifying sources of information to gather as a precursor for Collection and to identify potential systems of interest for Lateral M...,https://attack.mitre.org/techniques/T1135
T1120,Peripheral Device Discovery,Discovery,Adversaries may attempt to gather information about attached peripheral devices and components connected to a computer system.(Citation: Peripheral Discovery Linux)(Citation: Peripheral Discovery macOS) Peripheral dev...,https://attack.mitre.org/techniques/T1120
T1036.009,Break Process Trees,Stealth,"An adversary may attempt to evade process tree-based analysis by modifying executed malware's parent process ID (PPID). If endpoint protection software leverages the “parent-child"" relationship for detection, breaking...",https://attack.mitre.org/techniques/T1036/009
T1590.004,Network Topology,Reconnaissance,"Adversaries may gather information about the victim's network topology that can be used during targeting. Information about network topologies may include a variety of details, including the physical and/or logical ar...",https://attack.mitre.org/techniques/T1590/004
T1587.002,Code Signing Certificates,Resource Development,Adversaries may create self-signed code signing certificates that can be used during targeting. Code signing is the process of digitally signing executables and scripts to confirm the software author and guarantee tha...,https://attack.mitre.org/techniques/T1587/002
T1222.001,Windows Permissions,Defense Impairment,Adversaries may modify file or directory permissions/attributes to evade access control lists (ACLs) and access protected files.(Citation: Hybrid Analysis Icacls1 June 2018)(Citation: Hybrid Analysis Icacls2 May 2018)...,https://attack.mitre.org/techniques/T1222/001
T1137.006,Add-ins,Persistence,Adversaries may abuse Microsoft Office add-ins to obtain persistence on a compromised system. Office add-ins can be used to add functionality to Office programs. (Citation: Microsoft Office Add-ins) There are differen...,https://attack.mitre.org/techniques/T1137/006
T1685.002,Disable or Modify Cloud Log,Defense Impairment,An adversary may disable or modify cloud logging capabilities and integrations to limit what data is collected on their activities and avoid detection. Cloud environments allow for collection and analysis of audit and...,https://attack.mitre.org/techniques/T1685/002
T1505.002,Transport Agent,Persistence,Adversaries may abuse Microsoft transport agents to establish persistent access to systems. Microsoft Exchange transport agents can operate on email messages passing through the transport pipeline to perform various t...,https://attack.mitre.org/techniques/T1505/002
T1082,System Information Discovery,Discovery,"An adversary may attempt to get detailed information about the operating system and hardware, including version, patches, hotfixes, service packs, and architecture. Adversaries may use this information to shape follow...",https://attack.mitre.org/techniques/T1082
T1071,Application Layer Protocol,Command And Control,"Adversaries may communicate using OSI application layer protocols to avoid detection/network filtering by blending in with existing traffic. Commands to the remote system, and often the results of those commands, will...",https://attack.mitre.org/techniques/T1071
T1574.014,AppDomainManager,Stealth|Execution,Adversaries may execute their own malicious payloads by hijacking how the .NET `AppDomainManager` loads assemblies. The .NET framework uses the `AppDomainManager` class to create and manage one or more isolated runtim...,https://attack.mitre.org/techniques/T1574/014
T1074.002,Remote Data Staging,Collection,Adversaries may stage data collected from multiple systems in a central location or directory on one system prior to Exfiltration. Data may be kept in separate files or combined into one file through techniques such a...,https://attack.mitre.org/techniques/T1074/002
T1098.006,Additional Container Cluster Roles,Persistence|Privilege Escalation,"An adversary may add additional roles or permissions to an adversary-controlled user or service account to maintain persistent access to a container orchestration system. For example, an adversary with sufficient perm...",https://attack.mitre.org/techniques/T1098/006
T1053,Scheduled Task/Job,Execution|Persistence|Privilege Escalation,Adversaries may abuse task scheduling functionality to facilitate initial or recurring execution of malicious code. Utilities exist within all major operating systems to schedule programs or scripts to be executed at ...,https://attack.mitre.org/techniques/T1053
T1218.007,Msiexec,Stealth,Adversaries may abuse msiexec.exe to proxy execution of malicious payloads. Msiexec.exe is the command-line utility for the Windows Installer and is thus commonly associated with executing installation packages (.msi)...,https://attack.mitre.org/techniques/T1218/007
T1590.003,Network Trust Dependencies,Reconnaissance,"Adversaries may gather information about the victim's network trust dependencies that can be used during targeting. Information about network trusts may include a variety of details, including second or third-party or...",https://attack.mitre.org/techniques/T1590/003
T1498.002,Reflection Amplification,Impact,Adversaries may attempt to cause a denial of service (DoS) by reflecting a high-volume of network traffic to a target. This type of Network DoS takes advantage of a third-party server intermediary that hosts and will ...,https://attack.mitre.org/techniques/T1498/002
T1556.002,Password Filter DLL,Defense Impairment|Persistence|Credential Access,Adversaries may register malicious password filter dynamic link libraries (DLLs) into the authentication process to acquire user credentials as they are validated.,https://attack.mitre.org/techniques/T1556/002
T1505.005,Terminal Services DLL,Persistence,"Adversaries may abuse components of Terminal Services to enable persistent access to systems. Microsoft Terminal Services, renamed to Remote Desktop Services in some Windows Server OSs as of 2022, enable remote termin...",https://attack.mitre.org/techniques/T1505/005
T1059.002,AppleScript,Execution,Adversaries may abuse AppleScript for execution. AppleScript is a macOS scripting language designed to control applications and parts of the OS via inter-application messages called AppleEvents.(Citation: Apple AppleS...,https://attack.mitre.org/techniques/T1059/002
T1176,Software Extensions,Persistence,"Adversaries may abuse software extensions to establish persistent access to victim systems. Software extensions are modular components that enhance or customize the functionality of software applications, including we...",https://attack.mitre.org/techniques/T1176
T1499.002,Service Exhaustion Flood,Impact,"Adversaries may target the different network services provided by systems to conduct a denial of service (DoS). Adversaries often target the availability of DNS and web services, however others have been targeted as w...",https://attack.mitre.org/techniques/T1499/002
T1195.003,Compromise Hardware Supply Chain,Initial Access,"Adversaries may manipulate hardware components in products prior to receipt by a final consumer for the purpose of data or system compromise. By modifying hardware or firmware in the supply chain, adversaries can inse...",https://attack.mitre.org/techniques/T1195/003
T1106,Native API,Execution,"Adversaries may interact with the native OS application programming interface (API) to execute behaviors. Native APIs provide a controlled means of calling low-level OS services within the kernel, such as those involv...",https://attack.mitre.org/techniques/T1106
T1558.005,Ccache Files,Credential Access,Adversaries may attempt to steal Kerberos tickets stored in credential cache files (or ccache). These files are used for short term storage of a user's active session credentials. The ccache file is created upon user ...,https://attack.mitre.org/techniques/T1558/005
T1070.007,Clear Network Connection History and Configurations,Stealth,Adversaries may clear or remove evidence of malicious network connections in order to clean up traces of their operations. Configuration settings as well as various artifacts that highlight connection history may be c...,https://attack.mitre.org/techniques/T1070/007
T1558.004,AS-REP Roasting,Credential Access,Adversaries may reveal credentials of accounts that have disabled Kerberos preauthentication by [Password Cracking](https://attack.mitre.org/techniques/T1110/002) Kerberos messages.(Citation: Harmj0y Roasting AS-REPs ...,https://attack.mitre.org/techniques/T1558/004
T1584.003,Virtual Private Server,Resource Development,Adversaries may compromise third-party Virtual Private Servers (VPSs) that can be used during targeting. There exist a variety of cloud service providers that will sell virtual machines/containers as a service. Advers...,https://attack.mitre.org/techniques/T1584/003
T1059.010,AutoHotKey & AutoIT,Execution,Adversaries may execute commands and perform malicious tasks using AutoIT and AutoHotKey automation scripts. AutoIT and AutoHotkey (AHK) are scripting languages that enable users to automate Windows tasks. These autom...,https://attack.mitre.org/techniques/T1059/010
T1600.001,Reduce Key Space,Defense Impairment,Adversaries may reduce the level of effort required to decrypt data transmitted over the network by reducing the cipher strength of encrypted communications.(Citation: Cisco Synful Knock Evolution),https://attack.mitre.org/techniques/T1600/001
T1070.003,Clear Command History,Stealth,"In addition to clearing system logs, an adversary may clear the command history of a compromised account to conceal the actions undertaken during an intrusion. Various command interpreters keep track of the commands u...",https://attack.mitre.org/techniques/T1070/003
T1202,Indirect Command Execution,Stealth,"Adversaries may abuse utilities that allow for command execution to bypass security restrictions that limit the use of command-line interpreters. Various Windows utilities may be used to execute commands, possibly wit...",https://attack.mitre.org/techniques/T1202
T1091,Replication Through Removable Media,Lateral Movement|Initial Access,"Adversaries may move onto systems, possibly those on disconnected or air-gapped networks, by copying malware to removable media and taking advantage of Autorun features when the media is inserted into a system and exe...",https://attack.mitre.org/techniques/T1091
T1005,Data from Local System,Collection,"Adversaries may search local system sources, such as file systems, configuration files, local databases, virtual machine files, or process memory, to find files of interest and sensitive data prior to Exfiltration.",https://attack.mitre.org/techniques/T1005
T1140,Deobfuscate/Decode Files or Information,Stealth,Adversaries may use [Obfuscated Files or Information](https://attack.mitre.org/techniques/T1027) to hide artifacts of an intrusion from analysis. They may require separate mechanisms to decode or deobfuscate that info...,https://attack.mitre.org/techniques/T1140
T1137.005,Outlook Rules,Persistence,"Adversaries may abuse Microsoft Outlook rules to obtain persistence on a compromised system. Outlook rules allow a user to define automated behavior to manage email messages. A benign rule might, for example, automati...",https://attack.mitre.org/techniques/T1137/005
T1586.003,Cloud Accounts,Resource Development,"Adversaries may compromise cloud accounts that can be used during targeting. Adversaries can use compromised cloud accounts to further their operations, including leveraging cloud storage services such as Dropbox, Mic...",https://attack.mitre.org/techniques/T1586/003
T1586.002,Email Accounts,Resource Development,"Adversaries may compromise email accounts that can be used during targeting. Adversaries can use compromised email accounts to further their operations, such as leveraging them to conduct [Phishing for Information](ht...",https://attack.mitre.org/techniques/T1586/002
T1098.007,Additional Local or Domain Groups,Persistence|Privilege Escalation,An adversary may add additional local or domain groups to an adversary-controlled account to maintain persistent access to a system or domain.,https://attack.mitre.org/techniques/T1098/007
T1608.001,Upload Malware,Resource Development,"Adversaries may upload malware to third-party or adversary controlled infrastructure to make it accessible during targeting. Malicious software can include payloads, droppers, post-compromise tools, backdoors, and a v...",https://attack.mitre.org/techniques/T1608/001
T1195,Supply Chain Compromise,Initial Access,Adversaries may manipulate products or product delivery mechanisms prior to receipt by a final consumer for the purpose of data or system compromise.,https://attack.mitre.org/techniques/T1195
T1190,Exploit Public-Facing Application,Initial Access,"Adversaries may attempt to exploit a weakness in an Internet-facing host or system to initially access a network. The weakness in the system can be a software bug, a temporary glitch, or a misconfiguration.",https://attack.mitre.org/techniques/T1190
T1558,Steal or Forge Kerberos Tickets,Credential Access,Adversaries may attempt to subvert Kerberos authentication by stealing or forging Kerberos tickets to enable [Pass the Ticket](https://attack.mitre.org/techniques/T1550/003). Kerberos is an authentication protocol wid...,https://attack.mitre.org/techniques/T1558
T1555,Credentials from Password Stores,Credential Access,"Adversaries may search for common password storage locations to obtain user credentials.(Citation: F-Secure The Dukes) Passwords are stored in several places on a system, depending on the operating system or applicati...",https://attack.mitre.org/techniques/T1555
T1567,Exfiltration Over Web Service,Exfiltration,"Adversaries may use an existing, legitimate external Web service to exfiltrate data rather than their primary command and control channel. Popular Web services acting as an exfiltration mechanism may give a significan...",https://attack.mitre.org/techniques/T1567
T1219,Remote Access Tools,Command And Control,An adversary may use legitimate remote access tools to establish an interactive command and control channel within a network. Remote access tools create a session between two trusted hosts through a graphical interfac...,https://attack.mitre.org/techniques/T1219
T1583.001,Domains,Resource Development,"Adversaries may acquire domains that can be used during targeting. Domain names are the human readable names used to represent one or more IP addresses. They can be purchased or, in some cases, acquired for free.",https://attack.mitre.org/techniques/T1583/001
T1560.002,Archive via Library,Collection,"An adversary may compress or encrypt data that is collected prior to exfiltration using 3rd party libraries. Many libraries exist that can archive data, including [Python](https://attack.mitre.org/techniques/T1059/006...",https://attack.mitre.org/techniques/T1560/002
T1055.003,Thread Execution Hijacking,Stealth|Privilege Escalation,Adversaries may inject malicious code into hijacked processes in order to evade process-based defenses as well as possibly elevate privileges. Thread Execution Hijacking is a method of executing arbitrary code in the ...,https://attack.mitre.org/techniques/T1055/003
T1684,Social Engineering,Stealth,"Adversaries may use social engineering techniques to influence users to take actions that result in unauthorized access, approval of changes, disclosure of sensitive information, or execution of adversary-supplied ins...",https://attack.mitre.org/techniques/T1684
T1036,Masquerading,Stealth,"Adversaries may attempt to manipulate features of their artifacts to make them appear legitimate or benign to users and/or security tools. Masquerading occurs when the name or location of an object, legitimate or mali...",https://attack.mitre.org/techniques/T1036
T1546.011,Application Shimming,Privilege Escalation|Persistence,Adversaries may establish persistence and/or elevate privileges by executing malicious content triggered by application shims. The Microsoft Windows Application Compatibility Infrastructure/Framework (Application Shim...,https://attack.mitre.org/techniques/T1546/011
T1552,Unsecured Credentials,Credential Access,"Adversaries may search compromised systems to find and obtain insecurely stored credentials. These credentials can be stored and/or misplaced in many locations on a system, including plaintext files (e.g. [Shell Histo...",https://attack.mitre.org/techniques/T1552
T1547.010,Port Monitors,Persistence|Privilege Escalation,Adversaries may use port monitors to run an adversary supplied DLL during system boot for persistence or privilege escalation. A port monitor can be set through the <code>AddMonitor</code> API call to set a DLL to be ...,https://attack.mitre.org/techniques/T1547/010
T1070.008,Clear Mailbox Data,Stealth,Adversaries may modify mail and mail application data to remove evidence of their activity. Email applications allow users and other programs to export and delete mailbox data via command line tools or use of APIs. Ma...,https://attack.mitre.org/techniques/T1070/008
T1037.002,Login Hook,Persistence|Privilege Escalation,Adversaries may use a Login Hook to establish persistence executed upon user logon. A login hook is a plist file that points to a specific script to execute with root privileges upon user logon. The plist file is loca...,https://attack.mitre.org/techniques/T1037/002
T1659,Content Injection,Initial Access|Command And Control,Adversaries may gain access and continuously communicate with victims by injecting malicious content into systems through online network traffic. Rather than luring victims to malicious payloads hosted on a compromise...,https://attack.mitre.org/techniques/T1659
T1055,Process Injection,Stealth|Privilege Escalation,Adversaries may inject code into processes in order to evade process-based defenses as well as possibly elevate privileges. Process injection is a method of executing arbitrary code in the address space of a separate ...,https://attack.mitre.org/techniques/T1055
T1567.004,Exfiltration Over Webhook,Exfiltration,Adversaries may exfiltrate data to a webhook endpoint rather than over their primary command and control channel. Webhooks are simple mechanisms for allowing a server to push data over HTTP/S to a client without the n...,https://attack.mitre.org/techniques/T1567/004
T1205,Traffic Signaling,Stealth|Persistence|Command And Control,Adversaries may use traffic signaling to hide open ports or other malicious functionality used for persistence or command and control. Traffic signaling involves the use of a magic value or sequence that must be sent ...,https://attack.mitre.org/techniques/T1205
T1021.008,Direct Cloud VM Connections,Lateral Movement,Adversaries may leverage [Valid Accounts](https://attack.mitre.org/techniques/T1078) to log directly into accessible cloud hosted compute infrastructure through cloud native methods. Many cloud providers offer interac...,https://attack.mitre.org/techniques/T1021/008
T1218,System Binary Proxy Execution,Stealth,"Adversaries may bypass process and/or signature-based defenses by proxying execution of malicious content with signed, or otherwise trusted, binaries. Binaries used in this technique are often Microsoft-signed files, ...",https://attack.mitre.org/techniques/T1218
T1070.006,Timestomp,Stealth,"Adversaries may modify file time attributes to hide new files or changes to existing files. Timestomping is a technique that modifies the timestamps of a file (the modify, access, create, and change times), often to m...",https://attack.mitre.org/techniques/T1070/006
T1557.004,Evil Twin,Credential Access|Collection,Adversaries may host seemingly genuine Wi-Fi access points to deceive users into connecting to malicious networks as a way of supporting follow-on behaviors such as [Network Sniffing](https://attack.mitre.org/techniqu...,https://attack.mitre.org/techniques/T1557/004
T1620,Reflective Code Loading,Stealth,"Adversaries may reflectively load code into a process in order to conceal the execution of malicious payloads. Reflective loading involves allocating then executing payloads directly within the memory of the process, ...",https://attack.mitre.org/techniques/T1620
T1016.002,Wi-Fi Discovery,Discovery,"Adversaries may search for information about Wi-Fi networks, such as network names and passwords, on compromised systems. Adversaries may use Wi-Fi information as part of [Account Discovery](https://attack.mitre.org/t...",https://attack.mitre.org/techniques/T1016/002
T1480.002,Mutual Exclusion,Stealth,Adversaries may constrain execution or actions based on the presence of a mutex associated with malware. A mutex is a locking mechanism used to synchronize access to a resource. Only one thread or process can acquire ...,https://attack.mitre.org/techniques/T1480/002
T1564.011,Ignore Process Interrupts,Stealth,Adversaries may evade defensive mechanisms by executing commands that hide from process interrupt signals. Many operating systems use signals to deliver messages to control process behavior. Command interpreters often...,https://attack.mitre.org/techniques/T1564/011
T1611,Escape to Host,Privilege Escalation,Adversaries may break out of a container or virtualized environment to gain access to the underlying host. This can allow an adversary access to other containerized or virtualized resources from the host level or to t...,https://attack.mitre.org/techniques/T1611
T1518.002,Backup Software Discovery,Discovery,"Adversaries may attempt to get a listing of backup software or configurations that are installed on a system. Adversaries may use this information to shape follow-on behaviors, such as [Data Destruction](https://attac...",https://attack.mitre.org/techniques/T1518/002
T1547.009,Shortcut Modification,Persistence|Privilege Escalation,Adversaries may create or modify shortcuts that can execute a program during system boot or user login. Shortcuts or symbolic links are used to reference other files or programs that will be opened or executed when th...,https://attack.mitre.org/techniques/T1547/009
T1010,Application Window Discovery,Discovery,"Adversaries may attempt to get a listing of open application windows. Window listings could convey information about how the system is used.(Citation: Prevailion DarkWatchman 2021) For example, information about appli...",https://attack.mitre.org/techniques/T1010
T1569.003,Systemctl,Execution,"Adversaries may abuse systemctl to execute commands or programs. Systemctl is the primary interface for systemd, the Linux init system and service manager. Typically invoked from a shell, Systemctl can also be integra...",https://attack.mitre.org/techniques/T1569/003
T1087.003,Email Account,Discovery,Adversaries may attempt to get a listing of email addresses and accounts. Adversaries may try to dump Exchange address lists such as global address lists (GALs).(Citation: Microsoft Exchange Address Lists),https://attack.mitre.org/techniques/T1087/003
T1497.003,Time Based Checks,Stealth|Discovery,"Adversaries may employ various time-based methods to detect virtualization and analysis environments, particularly those that attempt to manipulate time mechanisms to simulate longer elapses of time. This may include ...",https://attack.mitre.org/techniques/T1497/003
T1218.003,CMSTP,Stealth,Adversaries may abuse CMSTP to proxy execution of malicious code. The Microsoft Connection Manager Profile Installer (CMSTP.exe) is a command-line program used to install Connection Manager service profiles. (Citation...,https://attack.mitre.org/techniques/T1218/003
T1563.001,SSH Hijacking,Lateral Movement,Adversaries may hijack a legitimate user's SSH session to move laterally within an environment. Secure Shell (SSH) is a standard means of remote access on Linux and macOS systems. It allows a user to connect to anothe...,https://attack.mitre.org/techniques/T1563/001
T1029,Scheduled Transfer,Exfiltration,Adversaries may schedule data exfiltration to be performed only at certain times of day or at certain intervals. This could be done to blend traffic patterns with normal activity or availability.,https://attack.mitre.org/techniques/T1029
T1021.002,SMB/Windows Admin Shares,Lateral Movement,Adversaries may use [Valid Accounts](https://attack.mitre.org/techniques/T1078) to interact with a remote network share using Server Message Block (SMB). The adversary may then perform actions as the logged-on user.,https://attack.mitre.org/techniques/T1021/002
T1525,Implant Internal Image,Persistence,"Adversaries may implant cloud or container images with malicious code to establish persistence after gaining access to an environment. Amazon Web Services (AWS) Amazon Machine Images (AMIs), Google Cloud Platform (GCP...",https://attack.mitre.org/techniques/T1525
T1572,Protocol Tunneling,Command And Control,Adversaries may tunnel network communications to and from a victim system within a separate protocol to avoid detection/network filtering and/or enable access to otherwise unreachable systems. Tunneling involves expli...,https://attack.mitre.org/techniques/T1572
T1218.002,Control Panel,Stealth,"Adversaries may abuse control.exe to proxy execution of malicious payloads. The Windows Control Panel process binary (control.exe) handles execution of Control Panel items, which are utilities that allow users to view...",https://attack.mitre.org/techniques/T1218/002
T1599.001,Network Address Translation Traversal,Defense Impairment,Adversaries may bridge network boundaries by modifying a network device’s Network Address Translation (NAT) configuration. Malicious modifications to NAT may enable an adversary to bypass restrictions on traffic routi...,https://attack.mitre.org/techniques/T1599/001
T1608.002,Upload Tool,Resource Development,"Adversaries may upload tools to third-party or adversary controlled infrastructure to make it accessible during targeting. Tools can be open or closed source, free or commercial. Tools can be used for malicious purpos...",https://attack.mitre.org/techniques/T1608/002
T1547.005,Security Support Provider,Persistence|Privilege Escalation,"Adversaries may abuse security support providers (SSPs) to execute DLLs when the system boots. Windows SSP DLLs are loaded into the Local Security Authority (LSA) process at system start. Once loaded into the LSA, SSP...",https://attack.mitre.org/techniques/T1547/005
T1036.011,Overwrite Process Arguments,Stealth,"Adversaries may modify a process's in-memory arguments to change its name in order to appear as a legitimate or benign process. On Linux, the operating system stores command-line arguments in the process’s stack and p...",https://attack.mitre.org/techniques/T1036/011
T1550,Use Alternate Authentication Material,Lateral Movement,"Adversaries may use alternate authentication material, such as password hashes, Kerberos tickets, and application access tokens, in order to move laterally within an environment and bypass normal system access controls.",https://attack.mitre.org/techniques/T1550
T1597.001,Threat Intel Vendors,Reconnaissance,Adversaries may search private data from threat intelligence vendors for information that can be used during targeting. Threat intelligence vendors may offer paid feeds or portals that offer more data than what is pub...,https://attack.mitre.org/techniques/T1597/001
T1011,Exfiltration Over Other Network Medium,Exfiltration,"Adversaries may attempt to exfiltrate data over a different network medium than the command and control channel. If the command and control network is a wired Internet connection, the exfiltration may occur, for examp...",https://attack.mitre.org/techniques/T1011
T1602.002,Network Device Configuration Dump,Collection,Adversaries may access network configuration files to collect sensitive data about the device and the network. The network configuration is a file containing parameters that determine the operation of the device. The ...,https://attack.mitre.org/techniques/T1602/002
T1589,Gather Victim Identity Information,Reconnaissance,"Adversaries may gather information about the victim's identity that can be used during targeting. Information about identities may include a variety of details, including personal data (ex: employee names, email addre...",https://attack.mitre.org/techniques/T1589
T1560,Archive Collected Data,Collection,An adversary may compress and/or encrypt data that is collected prior to exfiltration. Compressing the data can help to obfuscate the collected data and minimize the amount of data sent over the network.(Citation: DOJ...,https://attack.mitre.org/techniques/T1560
T1553.003,SIP and Trust Provider Hijacking,Defense Impairment,"Adversaries may tamper with SIP and trust provider components to mislead the operating system and application control tools when conducting signature validation checks. In user mode, Windows Authenticode (Citation: Mi...",https://attack.mitre.org/techniques/T1553/003
T1185,Browser Session Hijacking,Collection,"Adversaries may take advantage of security vulnerabilities and inherent functionality in browser software to change content, modify user-behaviors, and intercept information as part of various browser session hijackin...",https://attack.mitre.org/techniques/T1185
T1021,Remote Services,Lateral Movement,"Adversaries may use [Valid Accounts](https://attack.mitre.org/techniques/T1078) to log into a service that accepts remote connections, such as telnet, SSH, and VNC. The adversary may then perform actions as the logged...",https://attack.mitre.org/techniques/T1021
T1071.003,Mail Protocols,Command And Control,"Adversaries may communicate using application layer protocols associated with electronic mail delivery to avoid detection/network filtering by blending in with existing traffic. Commands to the remote system, and ofte...",https://attack.mitre.org/techniques/T1071/003
T1556.007,Hybrid Identity,Defense Impairment|Persistence|Credential Access,"Adversaries may patch, modify, or otherwise backdoor cloud authentication processes that are tied to on-premises user identities in order to bypass typical authentication mechanisms, access credentials, and enable per...",https://attack.mitre.org/techniques/T1556/007
T1595.002,Vulnerability Scanning,Reconnaissance,Adversaries may scan victims for vulnerabilities that can be used during targeting. Vulnerability scans typically check if the configuration of a target host/application (ex: software and version) potentially aligns w...,https://attack.mitre.org/techniques/T1595/002
T1059.009,Cloud API,Execution,Adversaries may abuse cloud APIs to execute malicious commands. APIs available in cloud environments provide various functionalities and are a feature-rich method for programmatic access to nearly all aspects of a ten...,https://attack.mitre.org/techniques/T1059/009
T1596,Search Open Technical Databases,Reconnaissance,"Adversaries may search freely available technical databases for information about victims that can be used during targeting. Information about victims may be available in online databases and repositories, such as reg...",https://attack.mitre.org/techniques/T1596
T1218.015,Electron Applications,Stealth,"Adversaries may abuse components of the Electron framework to execute malicious code. The Electron framework hosts many common applications such as Signal, Slack, and Microsoft Teams.(Citation: Electron 2) Originally ...",https://attack.mitre.org/techniques/T1218/015
T1207,Rogue Domain Controller,Defense Impairment,Adversaries may register a rogue Domain Controller to enable manipulation of Active Directory data. DCShadow may be used to create a rogue Domain Controller (DC). DCShadow is a method of manipulating Active Directory ...,https://attack.mitre.org/techniques/T1207
T1553.006,Code Signing Policy Modification,Defense Impairment,Adversaries may modify code signing policies to enable execution of unsigned or self-signed code. Code signing provides a level of authenticity on a program from a developer and a guarantee that the program has not be...,https://attack.mitre.org/techniques/T1553/006
T1610,Deploy Container,Execution,"Adversaries may deploy a container into an environment to facilitate execution or evade defenses. In some cases, adversaries may deploy a new container to execute processes associated with a particular image or deploy...",https://attack.mitre.org/techniques/T1610
T1112,Modify Registry,Defense Impairment|Persistence,"Adversaries may interact with the Windows Registry as part of a variety of other techniques to aid in defense evasion, persistence, and execution.",https://attack.mitre.org/techniques/T1112
T1543.004,Launch Daemon,Persistence|Privilege Escalation,"Adversaries may create or modify Launch Daemons to execute malicious payloads as part of persistence. Launch Daemons are plist files used to interact with Launchd, the service management framework used by macOS. Launc...",https://attack.mitre.org/techniques/T1543/004
T1580,Cloud Infrastructure Discovery,Discovery,"An adversary may attempt to discover infrastructure and resources that are available within an infrastructure-as-a-service (IaaS) environment. This includes compute service resources such as instances, virtual machine...",https://attack.mitre.org/techniques/T1580
T1555.003,Credentials from Web Browsers,Credential Access,Adversaries may acquire credentials from web browsers by reading files specific to the target browser.(Citation: Talos Olympic Destroyer 2018) Web browsers commonly save credentials such as website usernames and passw...,https://attack.mitre.org/techniques/T1555/003
T1574.008,Path Interception by Search Order Hijacking,Stealth|Execution,"Adversaries may execute their own malicious payloads by hijacking the search order used to load other programs. Because some programs do not call other programs using the full path, adversaries may place their own fil...",https://attack.mitre.org/techniques/T1574/008
T1491,Defacement,Impact,"Adversaries may modify visual content available internally or externally to an enterprise network, thus affecting the integrity of the original content. Reasons for [Defacement](https://attack.mitre.org/techniques/T14...",https://attack.mitre.org/techniques/T1491
T1535,Unused/Unsupported Cloud Regions,Stealth,Adversaries may create cloud instances in unused geographic service regions in order to evade detection. Access is usually obtained through compromising accounts used to manage cloud infrastructure.,https://attack.mitre.org/techniques/T1535
T1557.003,DHCP Spoofing,Credential Access|Collection,Adversaries may redirect network traffic to adversary-owned systems by spoofing Dynamic Host Configuration Protocol (DHCP) traffic and acting as a malicious DHCP server on the victim network. By achieving the adversar...,https://attack.mitre.org/techniques/T1557/003
T1563,Remote Service Session Hijacking,Lateral Movement,"Adversaries may take control of preexisting sessions with remote services to move laterally in an environment. Users may use valid credentials to log into a service specifically designed to accept remote connections, ...",https://attack.mitre.org/techniques/T1563
T1564.013,Bind Mounts,Stealth,"Adversaries may abuse bind mounts on file structures to hide their activity and artifacts from native utilities. A bind mount maps a directory or file from one location on the filesystem to another, similar to a short...",https://attack.mitre.org/techniques/T1564/013
T1027.001,Binary Padding,Stealth,"Adversaries may use binary padding to add junk data and change the on-disk representation of malware. This can be done without affecting the functionality or behavior of a binary, but can increase the size of the bina...",https://attack.mitre.org/techniques/T1027/001
T1505.003,Web Shell,Persistence,Adversaries may backdoor web servers with web shells to establish persistent access to systems. A Web shell is a Web script that is placed on an openly accessible Web server to allow an adversary to access the Web ser...,https://attack.mitre.org/techniques/T1505/003
T1484.001,Group Policy Modification,Defense Impairment|Privilege Escalation,"Adversaries may modify Group Policy Objects (GPOs) to subvert the intended discretionary access controls for a domain, usually with the intention of escalating privileges on the domain. Group policy allows for central...",https://attack.mitre.org/techniques/T1484/001
T1685.006,Clear Linux or Mac System Logs,Defense Impairment,Adversaries may clear system logs to hide evidence of an intrusion. macOS and Linux both keep track of system or user-initiated actions via system logs. The majority of native system logging is stored under the `/var/...,https://attack.mitre.org/techniques/T1685/006
T1217,Browser Information Discovery,Discovery,"Adversaries may enumerate information about browsers to learn more about compromised environments. Data saved by browsers (such as bookmarks, accounts, and browsing history) may reveal a variety of personal informatio...",https://attack.mitre.org/techniques/T1217
T1552.004,Private Keys,Credential Access,"Adversaries may search for private key certificate files on compromised systems for insecurely stored credentials. Private cryptographic keys and certificates are used for authentication, encryption/decryption, and di...",https://attack.mitre.org/techniques/T1552/004
T1583.004,Server,Resource Development,"Adversaries may buy, lease, rent, or obtain physical servers that can be used during targeting. Use of servers allows an adversary to stage, launch, and execute an operation. During post-compromise activity, adversari...",https://attack.mitre.org/techniques/T1583/004
T1021.006,Windows Remote Management,Lateral Movement,Adversaries may use [Valid Accounts](https://attack.mitre.org/techniques/T1078) to interact with remote systems using Windows Remote Management (WinRM). The adversary may then perform actions as the logged-on user.,https://attack.mitre.org/techniques/T1021/006
T1011.001,Exfiltration Over Bluetooth,Exfiltration,"Adversaries may attempt to exfiltrate data over Bluetooth rather than the command and control channel. If the command and control network is a wired Internet connection, an adversary may opt to exfiltrate data using a...",https://attack.mitre.org/techniques/T1011/001
T1078.001,Default Accounts,Stealth|Persistence|Privilege Escalation|Initial Access,"Adversaries may obtain and abuse credentials of a default account as a means of gaining Initial Access, Persistence, Privilege Escalation, or Defense Evasion. Default accounts are those that are built-into an OS, such...",https://attack.mitre.org/techniques/T1078/001
T1547.003,Time Providers,Persistence|Privilege Escalation,Adversaries may abuse time providers to execute DLLs when the system boots. The Windows Time service (W32Time) enables time synchronization across and within domains.(Citation: Microsoft W32Time Feb 2018) W32Time time...,https://attack.mitre.org/techniques/T1547/003
T1546.005,Trap,Privilege Escalation|Persistence,Adversaries may establish persistence by executing malicious content triggered by an interrupt signal. The <code>trap</code> command allows programs and shells to specify commands that will be executed upon receiving ...,https://attack.mitre.org/techniques/T1546/005
T1574.006,Dynamic Linker Hijacking,Stealth|Execution,"Adversaries may execute their own malicious payloads by hijacking environment variables the dynamic linker uses to load shared libraries. During the execution preparation phase of a program, the dynamic linker loads s...",https://attack.mitre.org/techniques/T1574/006
T1136.001,Local Account,Persistence,"Adversaries may create a local account to maintain access to victim systems. Local accounts are those configured by an organization for use by users, remote support, services, or for administration on a single system ...",https://attack.mitre.org/techniques/T1136/001
T1681,Search Threat Vendor Data,Reconnaissance,"Threat actors may seek information/indicators from closed or open threat intelligence sources gathered about their own campaigns, as well as those conducted by other adversaries that may align with their target indust...",https://attack.mitre.org/techniques/T1681
T1674,Input Injection,Execution,"Adversaries may simulate keystrokes on a victim’s computer by various means to perform any type of action on behalf of the user, such as launching the command interpreter using keyboard shortcuts,  typing an inline sc...",https://attack.mitre.org/techniques/T1674
T1092,Communication Through Removable Media,Command And Control,Adversaries can perform command and control between compromised hosts on potentially disconnected networks using removable media to transfer commands from system to system.(Citation: ESET Sednit USBStealer 2014) Both ...,https://attack.mitre.org/techniques/T1092
T1585.002,Email Accounts,Resource Development,"Adversaries may create email accounts that can be used during targeting. Adversaries can use accounts created with email providers to further their operations, such as leveraging them to conduct [Phishing for Informat...",https://attack.mitre.org/techniques/T1585/002
T1557.001,Name Resolution Poisoning and SMB Relay,Credential Access|Collection,"By responding to LLMNR/NBT-NS/mDNS network traffic, adversaries may spoof an authoritative source for name resolution to force communication with an adversary controlled system.(Citation: BlackCat ransomware) This act...",https://attack.mitre.org/techniques/T1557/001
T1222,File and Directory Permissions Modification,Defense Impairment,Adversaries may modify file or directory permissions/attributes to evade access control lists (ACLs) and access protected files.(Citation: Hybrid Analysis Icacls1 June 2018)(Citation: Hybrid Analysis Icacls2 May 2018)...,https://attack.mitre.org/techniques/T1222
T1003.001,LSASS Memory,Credential Access,"Adversaries may attempt to access credential material stored in the process memory of the Local Security Authority Subsystem Service (LSASS). After a user logs on, the system generates and stores a variety of credenti...",https://attack.mitre.org/techniques/T1003/001
T1176.002,IDE Extensions,Persistence,"Adversaries may abuse an integrated development environment (IDE) extension to establish persistent access to victim systems.(Citation: Mnemonic misuse visual studio) IDEs such as Visual Studio Code, IntelliJ IDEA, an...",https://attack.mitre.org/techniques/T1176/002
T1595,Active Scanning,Reconnaissance,"Adversaries may execute active reconnaissance scans to gather information that can be used during targeting. Active scans are those where the adversary probes victim infrastructure via network traffic, as opposed to o...",https://attack.mitre.org/techniques/T1595
T1027.016,Junk Code Insertion,Stealth,"Adversaries may use junk code / dead code to obfuscate a malware’s functionality. Junk code is code that either does not execute, or if it does execute, does not change the functionality of the code. Junk code makes a...",https://attack.mitre.org/techniques/T1027/016
T1548,Abuse Elevation Control Mechanism,Privilege Escalation,Adversaries may circumvent mechanisms designed to control privilege elevation to gain higher-level permissions. Most modern systems contain native elevation control mechanisms that are intended to limit privileges tha...,https://attack.mitre.org/techniques/T1548
T1134.002,Create Process with Token,Stealth|Privilege Escalation,Adversaries may create a new process with an existing token to escalate privileges and bypass access controls. Processes can be created with the token and resulting security context of another user using features such...,https://attack.mitre.org/techniques/T1134/002
T1548.001,Setuid and Setgid,Privilege Escalation,"An adversary may abuse configurations where an application has the setuid or setgid bits set in order to get code running in a different (and possibly more privileged) user’s context. On Linux or macOS, when the setui...",https://attack.mitre.org/techniques/T1548/001
T1547.004,Winlogon Helper DLL,Persistence|Privilege Escalation,Adversaries may abuse features of Winlogon to execute DLLs and/or executables when a user logs in. Winlogon.exe is a Windows component responsible for actions at logon/logoff as well as the secure attention sequence (...,https://attack.mitre.org/techniques/T1547/004
T1021.003,Distributed Component Object Model,Lateral Movement,Adversaries may use [Valid Accounts](https://attack.mitre.org/techniques/T1078) to interact with remote machines by taking advantage of Distributed Component Object Model (DCOM). The adversary may then perform actions...,https://attack.mitre.org/techniques/T1021/003
T1110.003,Password Spraying,Credential Access,"Adversaries may use a single or small list of commonly used passwords against many different accounts to attempt to acquire valid account credentials. Password spraying uses one password (e.g. 'Password01'), or a smal...",https://attack.mitre.org/techniques/T1110/003
T1090.002,External Proxy,Command And Control,Adversaries may use an external proxy to act as an intermediary for network communications to a command and control server to avoid direct connections to their infrastructure. Many tools exist that enable traffic redi...,https://attack.mitre.org/techniques/T1090/002
T1056.003,Web Portal Capture,Collection|Credential Access,"Adversaries may install code on externally facing portals, such as a VPN login page, to capture and transmit credentials of users who attempt to log into the service. For example, a compromised login page may log prov...",https://attack.mitre.org/techniques/T1056/003
T1589.002,Email Addresses,Reconnaissance,"Adversaries may gather email addresses that can be used during targeting. Even if internal instances exist, organizations may have public-facing email infrastructure and addresses for employees.",https://attack.mitre.org/techniques/T1589/002
T1598.004,Spearphishing Voice,Reconnaissance,"Adversaries may use voice communications to elicit sensitive information that can be used during targeting. Spearphishing for information is an attempt to trick targets into divulging information, frequently credentia...",https://attack.mitre.org/techniques/T1598/004
T1683.001,Written Content,Resource Development,"Adversaries may create or tailor written materials to support targeting and malicious operations. Content may include phishing lures, fraudulent financial communications, fabricated job postings, fabricated employment...",https://attack.mitre.org/techniques/T1683/001
T1003.005,Cached Domain Credentials,Credential Access,Adversaries may attempt to access cached domain credentials used to allow authentication to occur in the event a domain controller is unavailable.(Citation: Microsoft - Cached Creds),https://attack.mitre.org/techniques/T1003/005
T1098.004,SSH Authorized Keys,Persistence|Privilege Escalation,"Adversaries may modify the SSH <code>authorized_keys</code> file to maintain persistence on a victim host. Linux distributions, macOS, and ESXi hypervisors commonly use key-based authentication to secure the authentic...",https://attack.mitre.org/techniques/T1098/004
T1673,Virtual Machine Discovery,Discovery,"An adversary may attempt to enumerate running virtual machines (VMs) after gaining access to a host or hypervisor. For example, adversaries may enumerate a list of VMs on an ESXi hypervisor using a [Hypervisor CLI](ht...",https://attack.mitre.org/techniques/T1673
T1590.006,Network Security Appliances,Reconnaissance,"Adversaries may gather information about the victim's network security appliances that can be used during targeting. Information about network security appliances may include a variety of details, such as the existenc...",https://attack.mitre.org/techniques/T1590/006
T1546.012,Image File Execution Options Injection,Privilege Escalation|Persistence,Adversaries may establish persistence and/or elevate privileges by executing malicious content triggered by Image File Execution Options (IFEO) debuggers. IFEOs enable a developer to attach a debugger to an applicatio...,https://attack.mitre.org/techniques/T1546/012
T1218.008,Odbcconf,Stealth,Adversaries may abuse odbcconf.exe to proxy execution of malicious payloads. Odbcconf.exe is a Windows utility that allows you to configure Open Database Connectivity (ODBC) drivers and data source names.(Citation: Mi...,https://attack.mitre.org/techniques/T1218/008
T1593.002,Search Engines,Reconnaissance,Adversaries may use search engines to collect information about victims that can be used during targeting. Search engine services typical crawl online sites to index context and may provide users with specialized synt...,https://attack.mitre.org/techniques/T1593/002
T1591.002,Business Relationships,Reconnaissance,"Adversaries may gather information about the victim's business relationships that can be used during targeting. Information about an organization’s business relationships may include a variety of details, including se...",https://attack.mitre.org/techniques/T1591/002
T1548.005,Temporary Elevated Cloud Access,Privilege Escalation,Adversaries may abuse permission configurations that allow them to gain temporarily elevated access to cloud resources. Many cloud environments allow administrators to grant user or service accounts permission to requ...,https://attack.mitre.org/techniques/T1548/005
T1125,Video Capture,Collection,"An adversary can leverage a computer's peripheral devices (e.g., integrated cameras or webcams) or applications (e.g., video call services) to capture video recordings for the purpose of gathering information. Images ...",https://attack.mitre.org/techniques/T1125
T1055.013,Process Doppelgänging,Stealth|Privilege Escalation,Adversaries may inject malicious code into process via process doppelgänging in order to evade process-based defenses as well as possibly elevate privileges. Process doppelgänging is a method of executing arbitrary co...,https://attack.mitre.org/techniques/T1055/013
T1016,System Network Configuration Discovery,Discovery,"Adversaries may look for details about the network configuration and settings, such as IP and/or MAC addresses, of systems they access or through information discovery of remote systems. Several operating system admin...",https://attack.mitre.org/techniques/T1016
T1578.003,Delete Cloud Instance,Defense Impairment,An adversary may delete a cloud instance after they have performed malicious activities in an attempt to evade detection and remove evidence of their presence.  Deleting an instance or virtual machine can remove valua...,https://attack.mitre.org/techniques/T1578/003
T1593.003,Code Repositories,Reconnaissance,"Adversaries may search public code repositories for information about victims that can be used during targeting. Victims may store code in repositories on various third-party websites such as GitHub, GitLab, SourceFor...",https://attack.mitre.org/techniques/T1593/003
T1574.005,Executable Installer File Permissions Weakness,Stealth|Execution,Adversaries may execute their own malicious payloads by hijacking the binaries used by an installer. These processes may automatically execute specific binaries as part of their functionality or to perform other actio...,https://attack.mitre.org/techniques/T1574/005
T1546.008,Accessibility Features,Privilege Escalation|Persistence,Adversaries may establish persistence and/or elevate privileges by executing malicious content triggered by accessibility features. Windows contains accessibility features that may be launched with a key combination b...,https://attack.mitre.org/techniques/T1546/008
T1496.002,Bandwidth Hijacking,Impact,"Adversaries may leverage the network bandwidth resources of co-opted systems to complete resource-intensive tasks, which may impact system and/or hosted service availability.",https://attack.mitre.org/techniques/T1496/002
T1087,Account Discovery,Discovery,"Adversaries may attempt to get a listing of valid accounts, usernames, or email addresses on a system or within a compromised environment. This information can help adversaries determine which accounts exist, which ca...",https://attack.mitre.org/techniques/T1087
T1090,Proxy,Command And Control,Adversaries may use a connection proxy to direct network traffic between systems or act as an intermediary for network communications to a command and control server to avoid direct connections to their infrastructure...,https://attack.mitre.org/techniques/T1090
T1059,Command and Scripting Interpreter,Execution,"Adversaries may abuse command and script interpreters to execute commands, scripts, or binaries. These interfaces and languages provide ways of interacting with computer systems and are a common feature across many di...",https://attack.mitre.org/techniques/T1059
T1204.005,Malicious Library,Execution,"Adversaries may rely on a user installing a malicious library to facilitate execution. Threat actors may [Upload Malware](https://attack.mitre.org/techniques/T1608/001) to package managers such as NPM and PyPi, as wel...",https://attack.mitre.org/techniques/T1204/005
T1685.005,Clear Windows Event Logs,Defense Impairment,"Adversaries may clear Windows Event Logs to hide the activity of an intrusion. Windows Event Logs are a record of a computer's alerts and notifications. There are three system-defined sources of events: System, Applic...",https://attack.mitre.org/techniques/T1685/005
T1136.002,Domain Account,Persistence,Adversaries may create a domain account to maintain access to victim systems. Domain accounts are those managed by Active Directory Domain Services where access and permissions are configured across systems and servic...,https://attack.mitre.org/techniques/T1136/002
T1564.014,Extended Attributes,Stealth,Adversaries may abuse extended attributes (xattrs) on macOS and Linux to hide their malicious data in order to evade detection. Extended attributes are key-value pairs of file and directory metadata used by both macOS...,https://attack.mitre.org/techniques/T1564/014
T1589.003,Employee Names,Reconnaissance,Adversaries may gather employee names that can be used during targeting. Employee names be used to derive email addresses as well as to help guide other reconnaissance efforts and/or craft more-believable lures.,https://attack.mitre.org/techniques/T1589/003
T1677,Poisoned Pipeline Execution,Execution,Adversaries may manipulate continuous integration / continuous development (CI/CD) processes by injecting malicious code into the build process. There are several mechanisms for poisoning pipelines:,https://attack.mitre.org/techniques/T1677
T1482,Domain Trust Discovery,Discovery,Adversaries may attempt to gather information on domain trust relationships that may be used to identify lateral movement opportunities in Windows multi-domain/forest environments. Domain trusts provide a mechanism fo...,https://attack.mitre.org/techniques/T1482
T1558.001,Golden Ticket,Credential Access,"Adversaries who have the KRBTGT account password hash may forge Kerberos ticket-granting tickets (TGT), also known as a golden ticket.(Citation: AdSecurity Kerberos GT Aug 2015) Golden tickets enable adversaries to ge...",https://attack.mitre.org/techniques/T1558/001
T1020,Automated Exfiltration,Exfiltration,"Adversaries may exfiltrate data, such as sensitive documents, through the use of automated processing after being gathered during Collection.(Citation: ESET Gamaredon June 2020)",https://attack.mitre.org/techniques/T1020
T1592.004,Client Configurations,Reconnaissance,"Adversaries may gather information about the victim's client configurations that can be used during targeting. Information about client configurations may include a variety of details and settings, including operating...",https://attack.mitre.org/techniques/T1592/004
T1219.001,IDE Tunneling,Command And Control,Adversaries may abuse Integrated Development Environment (IDE) software with remote development features to establish an interactive command and control channel on target systems within a network. IDE tunneling combin...,https://attack.mitre.org/techniques/T1219/001
T1036.002,Right-to-Left Override,Stealth,Adversaries may abuse the right-to-left override (RTLO or RLO) character (U+202E) to disguise a string and/or file name to make it appear benign. RTLO is a non-printing Unicode character that causes the text that foll...,https://attack.mitre.org/techniques/T1036/002
T1588.001,Malware,Resource Development,"Adversaries may buy, steal, or download malware that can be used during targeting. Malicious software can include payloads, droppers, post-compromise tools, backdoors, packers, and C2 protocols. Adversaries may acquir...",https://attack.mitre.org/techniques/T1588/001
T1027.017,SVG Smuggling,Stealth,"Adversaries may smuggle data and files past content filters by hiding malicious payloads inside of seemingly benign SVG files.(Citation: Trustwave SVG Smuggling 2025) SVGs, or Scalable Vector Graphics, are vector-base...",https://attack.mitre.org/techniques/T1027/017
T1542.002,Component Firmware,Stealth|Persistence,Adversaries may modify component firmware to persist on systems. Some adversaries may employ sophisticated means to compromise computer components and install malicious firmware that will execute adversary code outsid...,https://attack.mitre.org/techniques/T1542/002
T1070,Indicator Removal,Stealth,"Adversaries may selectively delete or modify artifacts generated to reduce indications of their presence and blend in with legitimate activity. Rather than broadly removing evidence, adversaries may target specific ar...",https://attack.mitre.org/techniques/T1070
T1048.001,Exfiltration Over Symmetric Encrypted Non-C2 Protocol,Exfiltration,Adversaries may steal data by exfiltrating it over a symmetrically encrypted network protocol other than that of the existing command and control channel. The data may also be sent to an alternate network location fro...,https://attack.mitre.org/techniques/T1048/001
T1137.001,Office Template Macros,Persistence,Adversaries may abuse Microsoft Office templates to obtain persistence on a compromised system. Microsoft Office contains templates that are part of common Office applications and are used to customize styles. The bas...,https://attack.mitre.org/techniques/T1137/001
T1583.003,Virtual Private Server,Resource Development,"Adversaries may rent Virtual Private Servers (VPSs) that can be used during targeting. There exist a variety of cloud service providers that will sell virtual machines/containers as a service. By utilizing a VPS, adve...",https://attack.mitre.org/techniques/T1583/003
T1213.001,Confluence,Collection,"Adversaries may leverage Confluence repositories to mine valuable information. Often found in development environments alongside Atlassian JIRA, Confluence is generally used to store development-related documentation,...",https://attack.mitre.org/techniques/T1213/001
T1550.003,Pass the Ticket,Lateral Movement,"Adversaries may “pass the ticket” using stolen Kerberos tickets to move laterally within an environment, bypassing normal system access controls. Pass the ticket (PtT) is a method of authenticating to a system using K...",https://attack.mitre.org/techniques/T1550/003
T1609,Container Administration Command,Execution,"Adversaries may abuse a container administration service to execute commands within a container. A container administration service such as the Docker daemon, the Kubernetes API server, or the kubelet may allow remote...",https://attack.mitre.org/techniques/T1609
T1083,File and Directory Discovery,Discovery,Adversaries may enumerate files and directories or may search in specific locations of a host or network share for certain information within a file system. Adversaries may use the information from [File and Directory...,https://attack.mitre.org/techniques/T1083
T1568,Dynamic Resolution,Command And Control,Adversaries may dynamically establish connections to command and control infrastructure to evade common detections and remediations. This may be achieved by using malware that shares a common algorithm with the infras...,https://attack.mitre.org/techniques/T1568
T1036.004,Masquerade Task or Service,Stealth,Adversaries may attempt to manipulate the name of a task or service to make it appear legitimate or benign. Tasks/services executed by the Task Scheduler or systemd will typically be given a name and/or description.(C...,https://attack.mitre.org/techniques/T1036/004
T1055.004,Asynchronous Procedure Call,Stealth|Privilege Escalation,Adversaries may inject malicious code into processes via the asynchronous procedure call (APC) queue in order to evade process-based defenses as well as possibly elevate privileges. APC injection is a method of execut...,https://attack.mitre.org/techniques/T1055/004
T1020.001,Traffic Duplication,Exfiltration,"Adversaries may leverage traffic mirroring in order to automate data exfiltration over compromised infrastructure. Traffic mirroring is a native feature for some devices, often used for network analysis. For example, ...",https://attack.mitre.org/techniques/T1020/001
T1647,Plist File Modification,Defense Impairment,"Adversaries may modify property list files (plist files) to enable other malicious activity, while also potentially evading and bypassing system defenses. macOS applications use plist files, such as the <code>info.pli...",https://attack.mitre.org/techniques/T1647
T1127.003,JamPlus,Stealth|Execution,Adversaries may use `JamPlus` to proxy the execution of a malicious script. `JamPlus` is a build utility tool for code and data build systems. It works with several popular compilers and can be used for generating wor...,https://attack.mitre.org/techniques/T1127/003
T1546.009,AppCert DLLs,Privilege Escalation|Persistence,Adversaries may establish persistence and/or elevate privileges by executing malicious content triggered by AppCert DLLs loaded into processes. Dynamic-link libraries (DLLs) that are specified in the <code>AppCertDLLs...,https://attack.mitre.org/techniques/T1546/009
T1114.003,Email Forwarding Rule,Collection,"Adversaries may setup email forwarding rules to collect sensitive information. Adversaries may abuse email forwarding rules to monitor the activities of a victim, steal information, and further gain intelligence on th...",https://attack.mitre.org/techniques/T1114/003
T1074,Data Staged,Collection,Adversaries may stage collected data in a central location or directory prior to Exfiltration. Data may be kept in separate files or combined into one file through techniques such as [Archive Collected Data](https://a...,https://attack.mitre.org/techniques/T1074
T1649,Steal or Forge Authentication Certificates,Credential Access,Adversaries may steal or forge certificates used for authentication to access remote systems or resources. Digital certificates are often used to sign and encrypt messages and/or files. Certificates are also used as a...,https://attack.mitre.org/techniques/T1649
T1098.005,Device Registration,Persistence|Privilege Escalation,"Adversaries may register a device to an adversary-controlled account. Devices may be registered in a multifactor authentication (MFA) system, which handles authentication to the network, or in a device management syst...",https://attack.mitre.org/techniques/T1098/005
T1049,System Network Connections Discovery,Discovery,Adversaries may attempt to get a listing of network connections to or from the compromised system they are currently accessing or from remote systems by querying for information over the network.,https://attack.mitre.org/techniques/T1049
T1584,Compromise Infrastructure,Resource Development,"Adversaries may compromise third-party infrastructure that can be used during targeting. Infrastructure solutions include physical or cloud servers, domains, network devices, and third-party web and DNS services. Inst...",https://attack.mitre.org/techniques/T1584
T1553.005,Mark-of-the-Web Bypass,Defense Impairment,"Adversaries may abuse specific file formats to subvert Mark-of-the-Web (MOTW) controls. In Windows, when files are downloaded from the Internet, they are tagged with a hidden NTFS Alternate Data Stream (ADS) named <co...",https://attack.mitre.org/techniques/T1553/005
T1600.002,Disable Crypto Hardware,Defense Impairment,"Adversaries disable a network device’s dedicated hardware encryption, which may enable them to leverage weaknesses in software encryption in order to reduce the effort involved in collecting, manipulating, and exfiltr...",https://attack.mitre.org/techniques/T1600/002
T1542,Pre-OS Boot,Stealth|Persistence,"Adversaries may abuse Pre-OS Boot mechanisms as a way to establish persistence on a system. During the booting process of a computer, firmware and various startup services are loaded before the operating system. These...",https://attack.mitre.org/techniques/T1542
T1612,Build Image on Host,Stealth,Adversaries may build a container image directly on a host to bypass defenses that monitor for the retrieval of malicious images from a public registry. A remote <code>build</code> request may be sent to the Docker AP...,https://attack.mitre.org/techniques/T1612
T1055.002,Portable Executable Injection,Stealth|Privilege Escalation,Adversaries may inject portable executables (PE) into processes in order to evade process-based defenses as well as possibly elevate privileges. PE injection is a method of executing arbitrary code in the address spac...,https://attack.mitre.org/techniques/T1055/002
T1218.012,Verclsid,Stealth,Adversaries may abuse verclsid.exe to proxy execution of malicious code. Verclsid.exe is known as the Extension CLSID Verification Host and is responsible for verifying each shell extension before they are used by Win...,https://attack.mitre.org/techniques/T1218/012
T1586,Compromise Accounts,Resource Development,"Adversaries may compromise accounts with services that can be used during targeting. For operations incorporating social engineering, the utilization of an online persona may be important. Rather than creating and cul...",https://attack.mitre.org/techniques/T1586
T1569.001,Launchctl,Execution,"Adversaries may abuse launchctl to execute commands or programs. Launchctl interfaces with launchd, the service management framework for macOS. Launchctl supports taking subcommands on the command-line, interactively,...",https://attack.mitre.org/techniques/T1569/001
T1584.005,Botnet,Resource Development,Adversaries may compromise numerous third-party systems to form a botnet that can be used during targeting. A botnet is a network of compromised systems that can be instructed to perform coordinated tasks.(Citation: N...,https://attack.mitre.org/techniques/T1584/005
T1059.008,Network Device CLI,Execution,Adversaries may abuse scripting or built-in command line interpreters (CLI) on network devices to execute malicious command and payloads. The CLI is the primary means through which users and administrators interact wi...,https://attack.mitre.org/techniques/T1059/008
T1552.003,Shell History,Credential Access,Adversaries may search the command history on compromised systems for insecurely stored credentials.,https://attack.mitre.org/techniques/T1552/003
T1559.003,XPC Services,Execution,"Adversaries can provide malicious content to an XPC service daemon for local code execution. macOS uses XPC services for basic inter-process communication between various processes, such as between the XPC Service dae...",https://attack.mitre.org/techniques/T1559/003
T1497,Virtualization/Sandbox Evasion,Stealth|Discovery,Adversaries may employ various means to detect and avoid virtualization and analysis environments. This may include changing behaviors based on the results of checks for the presence of artifacts indicative of a virtu...,https://attack.mitre.org/techniques/T1497
T1102,Web Service,Command And Control,"Adversaries may use an existing, legitimate external Web service as a means for relaying data to/from a compromised system. Popular websites, cloud services, and social media acting as a mechanism for C2 may give a si...",https://attack.mitre.org/techniques/T1102
T1552.001,Credentials In Files,Credential Access,"Adversaries may search local file systems and remote file shares for files containing insecurely stored credentials. These can be files created by users to store their own credentials, shared credential stores for a g...",https://attack.mitre.org/techniques/T1552/001
T1568.003,DNS Calculation,Command And Control,"Adversaries may perform calculations on addresses returned in DNS results to determine which port and IP address to use for command and control, rather than relying on a predetermined port number or the actual returne...",https://attack.mitre.org/techniques/T1568/003
T1218.005,Mshta,Stealth,Adversaries may abuse mshta.exe to proxy execution of malicious .hta files and Javascript or VBScript through a trusted Windows utility. There are several examples of different types of threats leveraging mshta.exe du...,https://attack.mitre.org/techniques/T1218/005
T1547.015,Login Items,Persistence|Privilege Escalation,"Adversaries may add login items to execute upon user login to gain persistence or escalate privileges. Login items are applications, documents, folders, or server connections that are automatically launched when a use...",https://attack.mitre.org/techniques/T1547/015
T1608,Stage Capabilities,Resource Development,"Adversaries may upload, install, or otherwise set up capabilities that can be used during targeting. To support their operations, an adversary may need to take capabilities they developed ([Develop Capabilities](https...",https://attack.mitre.org/techniques/T1608
T1608.005,Link Target,Resource Development,Adversaries may put in place resources that are referenced by a link that can be used during targeting. An adversary may rely upon a user clicking a malicious link in order to divulge information (including credential...,https://attack.mitre.org/techniques/T1608/005
T1104,Multi-Stage Channels,Command And Control,Adversaries may create multiple stages for command and control that are employed under different conditions or for certain functions. Use of multiple stages may obfuscate the command and control channel to make detect...,https://attack.mitre.org/techniques/T1104
T1657,Financial Theft,Impact,"Adversaries may steal monetary resources from targets through extortion, social engineering, technical theft, or other methods aimed at their own financial gain at the expense of the availability of these resources fo...",https://attack.mitre.org/techniques/T1657
T1480,Execution Guardrails,Stealth,Adversaries may use execution guardrails to constrain execution or actions based on adversary supplied and environment specific conditions that are expected to be present on the target. Guardrails ensure that a payloa...,https://attack.mitre.org/techniques/T1480
T1619,Cloud Storage Object Discovery,Discovery,"Adversaries may enumerate objects in cloud storage infrastructure. Adversaries may use this information during automated discovery to shape follow-on behaviors, including requesting all or specific objects from cloud ...",https://attack.mitre.org/techniques/T1619
T1606.001,Web Cookies,Credential Access,Adversaries may forge web cookies that can be used to gain access to web applications or Internet services. Web applications and services (hosted in cloud SaaS environments or on-premise servers) often use session coo...,https://attack.mitre.org/techniques/T1606/001
T1654,Log Enumeration,Discovery,"Adversaries may enumerate system and service logs to find useful data. These logs may highlight various types of valuable insights for an adversary, such as user authentication records ([Account Discovery](https://att...",https://attack.mitre.org/techniques/T1654
T1134.001,Token Impersonation/Theft,Stealth|Privilege Escalation,"Adversaries may duplicate then impersonate another user's existing token to escalate privileges and bypass access controls. For example, an adversary can duplicate an existing token using `DuplicateToken` or `Duplicat...",https://attack.mitre.org/techniques/T1134/001
T1567.001,Exfiltration to Code Repository,Exfiltration,Adversaries may exfiltrate data to a code repository rather than over their primary command and control channel. Code repositories are often accessible via an API (ex: https://api.github.com). Access to these APIs are...,https://attack.mitre.org/techniques/T1567/001
T1021.007,Cloud Services,Lateral Movement,Adversaries may log into accessible cloud services within a compromised environment using [Valid Accounts](https://attack.mitre.org/techniques/T1078) that are synchronized with or federated to on-premises user identit...,https://attack.mitre.org/techniques/T1021/007
T1205.001,Port Knocking,Stealth|Persistence|Command And Control,"Adversaries may use port knocking to hide open ports used for persistence or command and control. To enable a port, an adversary sends a series of attempted connections to a predefined sequence of closed ports. After ...",https://attack.mitre.org/techniques/T1205/001
T1027.012,LNK Icon Smuggling,Stealth,"Adversaries may smuggle commands to download malicious payloads past content filters by hiding them within otherwise seemingly benign windows shortcut files. Windows shortcut files (.LNK) include many metadata fields,...",https://attack.mitre.org/techniques/T1027/012
T1583.006,Web Services,Resource Development,Adversaries may register for web services that can be used during targeting. A variety of popular websites exist for adversaries to register for a web-based service that can be abused during later stages of the advers...,https://attack.mitre.org/techniques/T1583/006
T1528,Steal Application Access Token,Credential Access,Adversaries can steal application access tokens as a means of acquiring credentials to access remote systems and resources.,https://attack.mitre.org/techniques/T1528
T1598.002,Spearphishing Attachment,Reconnaissance,Adversaries may send spearphishing messages with a malicious attachment to elicit sensitive information that can be used during targeting. Spearphishing for information is an attempt to trick targets into divulging in...,https://attack.mitre.org/techniques/T1598/002
T1098.001,Additional Cloud Credentials,Persistence|Privilege Escalation,Adversaries may add adversary-controlled credentials to a cloud account to maintain persistent access to victim accounts and instances within the environment.,https://attack.mitre.org/techniques/T1098/001
T1204,User Execution,Execution,"An adversary may rely upon specific actions by a user in order to gain execution. Users may be subjected to social engineering to get them to execute malicious code by, for example, opening a malicious document file o...",https://attack.mitre.org/techniques/T1204
T1491.001,Internal Defacement,Impact,"An adversary may deface systems internal to an organization in an attempt to intimidate or mislead users, thus discrediting the integrity of the systems. This may take the form of modifications to internal websites or...",https://attack.mitre.org/techniques/T1491/001
T1564.002,Hidden Users,Stealth,Adversaries may use hidden users to hide the presence of user accounts they create or modify. Administrators may want to hide users when there are many user accounts on a given system or if they want to hide their adm...,https://attack.mitre.org/techniques/T1564/002
T1134.003,Make and Impersonate Token,Stealth|Privilege Escalation,"Adversaries may make new tokens and impersonate users to escalate privileges and bypass access controls. For example, if an adversary has a username and password but the user is not logged onto the system the adversar...",https://attack.mitre.org/techniques/T1134/003
T1552.006,Group Policy Preferences,Credential Access,Adversaries may attempt to find unsecured credentials in Group Policy Preferences (GPP). GPP are tools that allow administrators to create domain policies with embedded credentials. These policies allow administrators...,https://attack.mitre.org/techniques/T1552/006
T1048.002,Exfiltration Over Asymmetric Encrypted Non-C2 Protocol,Exfiltration,Adversaries may steal data by exfiltrating it over an asymmetrically encrypted network protocol other than that of the existing command and control channel. The data may also be sent to an alternate network location f...,https://attack.mitre.org/techniques/T1048/002
T1087.004,Cloud Account,Discovery,"Adversaries may attempt to get a listing of cloud accounts. Cloud accounts are those created and configured by an organization for use by users, remote support, services, or for administration of resources within a cl...",https://attack.mitre.org/techniques/T1087/004
T1683.002,Audio-Visual Content,Resource Development,"Adversaries may create or manipulate audio, image, and video content to support targeting and malicious operations. Adversaries may also use synthetic voice recordings, real-time altered audio or video during live int...",https://attack.mitre.org/techniques/T1683/002
T1057,Process Discovery,Discovery,Adversaries may attempt to get information about running processes on a system. Information obtained could be used to gain an understanding of common software/applications running on systems within the network. Admini...,https://attack.mitre.org/techniques/T1057
T1556.008,Network Provider DLL,Defense Impairment|Persistence|Credential Access,Adversaries may register malicious network provider dynamic link libraries (DLLs) to capture cleartext user credentials during the authentication process. Network provider DLLs allow Windows to interface with specific...,https://attack.mitre.org/techniques/T1556/008
T1546.003,Windows Management Instrumentation Event Subscription,Privilege Escalation|Persistence,"Adversaries may establish persistence and elevate privileges by executing malicious content triggered by a Windows Management Instrumentation (WMI) event subscription. WMI can be used to install event filters, provide...",https://attack.mitre.org/techniques/T1546/003
T1596.004,CDNs,Reconnaissance,"Adversaries may search content delivery network (CDN) data about victims that can be used during targeting. CDNs allow an organization to host content from a distributed, load balanced array of servers. CDNs may also ...",https://attack.mitre.org/techniques/T1596/004
T1497.002,User Activity Based Checks,Stealth|Discovery,Adversaries may employ various user activity checks to detect and avoid virtualization and analysis environments. This may include changing behaviors based on the results of checks for the presence of artifacts indica...,https://attack.mitre.org/techniques/T1497/002
T1496.004,Cloud Service Hijacking,Impact,"Adversaries may leverage compromised software-as-a-service (SaaS) applications to complete resource-intensive tasks, which may impact hosted service availability.",https://attack.mitre.org/techniques/T1496/004
T1585.003,Cloud Accounts,Resource Development,"Adversaries may create accounts with cloud providers that can be used during targeting. Adversaries can use cloud accounts to further their operations, including leveraging cloud storage services such as Dropbox, MEGA...",https://attack.mitre.org/techniques/T1585/003
T1072,Software Deployment Tools,Execution|Lateral Movement,Adversaries may gain access to and use centralized software suites installed within an enterprise to execute commands and move laterally through the network. Configuration management and software deployment applicatio...,https://attack.mitre.org/techniques/T1072
T1041,Exfiltration Over C2 Channel,Exfiltration,Adversaries may steal data by exfiltrating it over an existing command and control channel. Stolen data is encoded into the normal communications channel using the same protocol as command and control communications.,https://attack.mitre.org/techniques/T1041
T1134.004,Parent PID Spoofing,Stealth|Privilege Escalation,"Adversaries may spoof the parent process identifier (PPID) of a new process to evade process-monitoring defenses or to elevate privileges. New processes are typically spawned directly from their parent, or calling, pr...",https://attack.mitre.org/techniques/T1134/004
T1591,Gather Victim Org Information,Reconnaissance,"Adversaries may gather information about the victim's organization that can be used during targeting. Information about an organization may include a variety of details, including the names of divisions/departments, s...",https://attack.mitre.org/techniques/T1591
T1606,Forge Web Credentials,Credential Access,Adversaries may forge credential materials that can be used to gain access to web applications or Internet services. Web applications and services (hosted in cloud SaaS environments or on-premise servers) often use se...,https://attack.mitre.org/techniques/T1606
T1621,Multi-Factor Authentication Request Generation,Credential Access,Adversaries may attempt to bypass multi-factor authentication (MFA) mechanisms and gain access to accounts by generating MFA requests sent to users.,https://attack.mitre.org/techniques/T1621
T1554,Compromise Host Software Binary,Persistence,"Adversaries may modify host software binaries to establish persistent access to systems. Software binaries/executables provide a wide range of system commands or services, programs, and libraries. Common software bina...",https://attack.mitre.org/techniques/T1554
T1552.008,Chat Messages,Credential Access,"Adversaries may directly collect unsecured credentials stored or passed through user communication services. Credentials may be sent and stored in user chat communication applications such as email, chat services like...",https://attack.mitre.org/techniques/T1552/008
T1059.001,PowerShell,Execution,Adversaries may abuse PowerShell commands and scripts for execution. PowerShell is a powerful interactive command-line interface and scripting environment included in the Windows operating system.(Citation: TechNet Po...,https://attack.mitre.org/techniques/T1059/001
T1546.001,Change Default File Association,Privilege Escalation|Persistence,"Adversaries may establish persistence by executing malicious content triggered by a file type association. When a file is opened, the default program used to open the file (also called the file association or handler)...",https://attack.mitre.org/techniques/T1546/001
T1055.014,VDSO Hijacking,Stealth|Privilege Escalation,Adversaries may inject malicious code into processes via VDSO hijacking in order to evade process-based defenses as well as possibly elevate privileges. Virtual dynamic shared object (vdso) hijacking is a method of ex...,https://attack.mitre.org/techniques/T1055/014
T1071.002,File Transfer Protocols,Command And Control,"Adversaries may communicate using application layer protocols associated with transferring files to avoid detection/network filtering by blending in with existing traffic. Commands to the remote system, and often the ...",https://attack.mitre.org/techniques/T1071/002
T1679,Selective Exclusion,Stealth,"Adversaries may intentionally exclude certain files, folders, directories, file types, or system components from encryption or tampering during a ransomware or malicious payload execution. Some file extensions that ad...",https://attack.mitre.org/techniques/T1679
T1212,Exploitation for Credential Access,Credential Access,"Adversaries may exploit software vulnerabilities in an attempt to collect credentials. Exploitation of a software vulnerability occurs when an adversary takes advantage of a programming error in a program, service, or...",https://attack.mitre.org/techniques/T1212
T1546.014,Emond,Privilege Escalation|Persistence,Adversaries may gain persistence and elevate privileges by executing malicious content triggered by the Event Monitor Daemon (emond). Emond is a [Launch Daemon](https://attack.mitre.org/techniques/T1543/004) that acce...,https://attack.mitre.org/techniques/T1546/014
T1102.003,One-Way Communication,Command And Control,"Adversaries may use an existing, legitimate external Web service as a means for sending commands to a compromised system without receiving return output over the Web service channel. Compromised systems may leverage p...",https://attack.mitre.org/techniques/T1102/003
T1590,Gather Victim Network Information,Reconnaissance,"Adversaries may gather information about the victim's networks that can be used during targeting. Information about networks may include a variety of details, including administrative data (ex: IP ranges, domain names...",https://attack.mitre.org/techniques/T1590
T1210,Exploitation of Remote Services,Lateral Movement,Adversaries may exploit remote services to gain unauthorized access to internal systems once inside of a network. Exploitation of a software vulnerability occurs when an adversary takes advantage of a programming erro...,https://attack.mitre.org/techniques/T1210
T1534,Internal Spearphishing,Lateral Movement,"After they already have access to accounts or systems within the environment, adversaries may use internal spearphishing to gain access to additional information or compromise other users within the same organization....",https://attack.mitre.org/techniques/T1534
T1574.010,Services File Permissions Weakness,Stealth|Execution,Adversaries may execute their own malicious payloads by hijacking the binaries used by services. Adversaries may use flaws in the permissions of Windows services to replace the binary that is executed upon service sta...,https://attack.mitre.org/techniques/T1574/010
T1547.001,Registry Run Keys / Startup Folder,Persistence|Privilege Escalation,"Adversaries may achieve persistence by adding a program to a startup folder or referencing it with a Registry run key. Adding an entry to the ""run keys"" in the Registry or startup folder will cause the program referen...",https://attack.mitre.org/techniques/T1547/001
T1199,Trusted Relationship,Initial Access,Adversaries may breach or otherwise leverage organizations who have access to intended victims. Access through trusted third party relationship abuses an existing connection that may not be protected or receives less ...,https://attack.mitre.org/techniques/T1199
T1136.003,Cloud Account,Persistence,"Adversaries may create a cloud account to maintain access to victim systems. With a sufficient level of access, such accounts may be used to establish secondary credentialed access that does not require persistent rem...",https://attack.mitre.org/techniques/T1136/003
T1069.001,Local Groups,Discovery,Adversaries may attempt to find local system groups and permission settings. The knowledge of local system permission groups can help adversaries determine which groups exist and which users belong to a particular gro...,https://attack.mitre.org/techniques/T1069/001
T1593,Search Open Websites/Domains,Reconnaissance,"Adversaries may search freely available websites and/or domains for information about victims that can be used during targeting. Information about victims may be available in various online sites, such as social media...",https://attack.mitre.org/techniques/T1593
T1098,Account Manipulation,Persistence|Privilege Escalation,"Adversaries may manipulate accounts to maintain and/or elevate access to victim systems. Account manipulation may consist of any action that preserves or modifies adversary access to a compromised account, such as mod...",https://attack.mitre.org/techniques/T1098
T1048,Exfiltration Over Alternative Protocol,Exfiltration,Adversaries may steal data by exfiltrating it over a different protocol than that of the existing command and control channel. The data may also be sent to an alternate network location from the main command and contr...,https://attack.mitre.org/techniques/T1048
T1547.006,Kernel Modules and Extensions,Persistence|Privilege Escalation,Adversaries may modify the kernel to automatically execute programs on system boot. Loadable Kernel Modules (LKMs) are pieces of code that can be loaded and unloaded into the kernel upon demand. They extend the functi...,https://attack.mitre.org/techniques/T1547/006
T1678,Delay Execution,Stealth,"Adversaries may employ various time-based methods to evade detection and analysis. These techniques often exploit system clocks, delays, or timing mechanisms to obscure malicious activity, blend in with benign activit...",https://attack.mitre.org/techniques/T1678
T1056.002,GUI Input Capture,Collection|Credential Access,Adversaries may mimic common operating system GUI components to prompt users for credentials with a seemingly legitimate prompt. When programs are executed that need additional privileges than are present in the curre...,https://attack.mitre.org/techniques/T1056/002
T1686.002,Network Device Firewall,Defense Impairment,"Adversaries may disable network device-based firewall mechanisms entirely or add, delete, or modify particular rules in order to bypass controls limiting network usage.",https://attack.mitre.org/techniques/T1686/002
T1588.002,Tool,Resource Development,"Adversaries may buy, steal, or download software tools that can be used during targeting. Tools can be open or closed source, free or commercial. A tool can be used for malicious purposes by an adversary, but (unlike ...",https://attack.mitre.org/techniques/T1588/002
T1052.001,Exfiltration over USB,Exfiltration,"Adversaries may attempt to exfiltrate data over a USB connected physical device. In certain circumstances, such as an air-gapped network compromise, exfiltration could occur via a USB device introduced by a user. The ...",https://attack.mitre.org/techniques/T1052/001
T1574.013,KernelCallbackTable,Stealth|Execution,Adversaries may abuse the <code>KernelCallbackTable</code> of a process to hijack its execution flow in order to run their own payloads.(Citation: Lazarus APT January 2022)(Citation: FinFisher exposed ) The <code>Kern...,https://attack.mitre.org/techniques/T1574/013
T1597,Search Closed Sources,Reconnaissance,"Adversaries may search and gather information about victims from closed (e.g., paid, private, or otherwise not freely available) sources that can be used during targeting. Information about victims may be available fo...",https://attack.mitre.org/techniques/T1597
T1053.006,Systemd Timers,Execution|Persistence|Privilege Escalation,Adversaries may abuse systemd timers to perform task scheduling for initial or recurring execution of malicious code. Systemd timers are unit files with file extension <code>.timer</code> that control services. Timers...,https://attack.mitre.org/techniques/T1053/006
T1566,Phishing,Initial Access,"Adversaries may send phishing messages to gain access to victim systems. All forms of phishing are electronically delivered social engineering. Phishing can be targeted, known as spearphishing. In spearphishing, a spe...",https://attack.mitre.org/techniques/T1566
T1542.004,ROMMONkit,Stealth|Persistence,Adversaries may abuse the ROM Monitor (ROMMON) by loading an unauthorized firmware with adversary code to provide persistent access and manipulate device behavior that is difficult to detect. (Citation: Cisco Synful K...,https://attack.mitre.org/techniques/T1542/004
T1218.001,Compiled HTML File,Stealth,Adversaries may abuse Compiled HTML files (.chm) to conceal malicious code. CHM files are commonly distributed as part of the Microsoft HTML Help system. CHM files are compressed compilations of various content such a...,https://attack.mitre.org/techniques/T1218/001
T1496.001,Compute Hijacking,Impact,"Adversaries may leverage the compute resources of co-opted systems to complete resource-intensive tasks, which may impact system and/or hosted service availability.",https://attack.mitre.org/techniques/T1496/001
T1070.005,Network Share Connection Removal,Stealth,Adversaries may remove share connections that are no longer useful in order to clean up traces of their operation. Windows shared drive and [SMB/Windows Admin Shares](https://attack.mitre.org/techniques/T1021/002) con...,https://attack.mitre.org/techniques/T1070/005
T1090.003,Multi-hop Proxy,Command And Control,"Adversaries may chain together multiple proxies to disguise the source of malicious traffic. Typically, a defender will be able to identify the last proxy traffic traversed before it enters their network; the defender...",https://attack.mitre.org/techniques/T1090/003
T1110,Brute Force,Credential Access,Adversaries may use brute force techniques to gain access to accounts when passwords are unknown or when password hashes are obtained.(Citation: TrendMicro Pawn Storm Dec 2020) Without knowledge of the password for an...,https://attack.mitre.org/techniques/T1110
T1059.004,Unix Shell,Execution,"Adversaries may abuse Unix shell commands and scripts for execution. Unix shells are the primary command prompt on Linux, macOS, and ESXi systems, though many variations of the Unix shell exist (e.g. sh, ash, bash, zs...",https://attack.mitre.org/techniques/T1059/004
T1137.003,Outlook Forms,Persistence,Adversaries may abuse Microsoft Outlook forms to obtain persistence on a compromised system. Outlook forms are used as templates for presentation and functionality in Outlook messages. Custom Outlook forms can be crea...,https://attack.mitre.org/techniques/T1137/003
T1219.003,Remote Access Hardware,Command And Control,"An adversary may use legitimate remote access hardware to establish an interactive command and control channel to target systems within networks. These services, including IP-based keyboard, video, or mouse (KVM) devi...",https://attack.mitre.org/techniques/T1219/003
T1565,Data Manipulation,Impact,"Adversaries may insert, delete, or manipulate data in order to influence external outcomes or hide activity, thus threatening the integrity of the data.(Citation: Sygnia Elephant Beetle Jan 2022) By manipulating data,...",https://attack.mitre.org/techniques/T1565
T1559,Inter-Process Communication,Execution,"Adversaries may abuse inter-process communication (IPC) mechanisms for local code or command execution. IPC is typically used by processes to share data, communicate with each other, or synchronize execution. IPC is a...",https://attack.mitre.org/techniques/T1559
T1001,Data Obfuscation,Command And Control,Adversaries may obfuscate command and control traffic to make it more difficult to detect.(Citation: Bitdefender FunnyDream Campaign November 2020) Command and control (C2) communications are hidden (but not necessari...,https://attack.mitre.org/techniques/T1001
T1039,Data from Network Shared Drive,Collection,"Adversaries may search network shares on computers they have compromised to find files of interest. Sensitive data can be collected from remote systems via shared network drives (host shared directory, network file se...",https://attack.mitre.org/techniques/T1039
T1584.006,Web Services,Resource Development,"Adversaries may compromise access to third-party web services that can be used during targeting. A variety of popular websites exist for legitimate users to register for web-based services, such as GitHub, Twitter, Dr...",https://attack.mitre.org/techniques/T1584/006
T1601,Modify System Image,Defense Impairment,"Adversaries may make changes to the operating system of embedded network devices to weaken defenses and provide new capabilities for themselves.  On such devices, the operating systems are typically monolithic and mos...",https://attack.mitre.org/techniques/T1601
T1574,Hijack Execution Flow,Stealth|Execution,"Adversaries may execute their own malicious payloads by hijacking the way operating systems run programs. Hijacking execution flow can be for the purposes of persistence, since this hijacked execution may reoccur over...",https://attack.mitre.org/techniques/T1574
T1036.012,Browser Fingerprint,Stealth,"Adversaries may attempt to blend in with legitimate traffic by spoofing browser and system attributes like operating system, system language, platform, user-agent string, resolution, time zone, etc.  The HTTP User-Age...",https://attack.mitre.org/techniques/T1036/012
T1059.011,Lua,Execution,Adversaries may abuse Lua commands and scripts for execution. Lua is a cross-platform scripting and programming language primarily designed for embedded use in applications. Lua can be executed on the command-line (th...,https://attack.mitre.org/techniques/T1059/011
T1027.005,Indicator Removal from Tools,Stealth,"Adversaries may remove indicators from tools if they believe their malicious tool was detected, quarantined, or otherwise curtailed. They can modify the tool by removing the indicator and using the updated version tha...",https://attack.mitre.org/techniques/T1027/005
T1204.003,Malicious Image,Execution,"Adversaries may rely on a user running a malicious image to facilitate execution. Amazon Web Services (AWS) Amazon Machine Images (AMIs), Google Cloud Platform (GCP) Images, and Azure Images as well as popular contain...",https://attack.mitre.org/techniques/T1204/003
T1543.005,Container Service,Persistence|Privilege Escalation,"Adversaries may create or modify container or container cluster management tools that run as daemons, agents, or services on individual hosts. These include software for creating and managing individual containers, su...",https://attack.mitre.org/techniques/T1543/005
T1078,Valid Accounts,Stealth|Persistence|Privilege Escalation|Initial Access,"Adversaries may obtain and abuse credentials of existing accounts as a means of gaining Initial Access, Persistence, Privilege Escalation, or Defense Evasion. Compromised credentials may be used to bypass access contr...",https://attack.mitre.org/techniques/T1078
T1571,Non-Standard Port,Command And Control,"Adversaries may communicate using a protocol and port pairing that are typically not associated. For example, HTTPS over port 8088(Citation: Symantec Elfin Mar 2019) or port 587(Citation: Fortinet Agent Tesla April 20...",https://attack.mitre.org/techniques/T1571
T1585.001,Social Media Accounts,Resource Development,Adversaries may create and cultivate social media accounts that can be used during targeting. Adversaries can create social media accounts that can be used to build a persona to further operations. Persona development...,https://attack.mitre.org/techniques/T1585/001
T1055.012,Process Hollowing,Stealth|Privilege Escalation,Adversaries may inject malicious code into suspended and hollowed processes in order to evade process-based defenses. Process hollowing is a method of executing arbitrary code in the address space of a separate live p...,https://attack.mitre.org/techniques/T1055/012
T1068,Exploitation for Privilege Escalation,Privilege Escalation,"Adversaries may exploit software vulnerabilities in an attempt to elevate privileges. Exploitation of a software vulnerability occurs when an adversary takes advantage of a programming error in a program, service, or ...",https://attack.mitre.org/techniques/T1068
T1564.009,Resource Forking,Stealth,Adversaries may abuse resource forks to hide malicious code or executables to evade detection and bypass security applications. A resource fork provides applications a structured way to store resources such as thumbna...,https://attack.mitre.org/techniques/T1564/009
T1531,Account Access Removal,Impact,"Adversaries may interrupt availability of system and network resources by inhibiting access to accounts utilized by legitimate users. Accounts may be deleted, locked, or manipulated (ex: changed credentials, revoked p...",https://attack.mitre.org/techniques/T1531
T1110.004,Credential Stuffing,Credential Access,"Adversaries may use credentials obtained from breach dumps of unrelated accounts to gain access to target accounts through credential overlap. Occasionally, large numbers of username and password pairs are dumped onli...",https://attack.mitre.org/techniques/T1110/004
T1027,Obfuscated Files or Information,Stealth,"Adversaries may attempt to make an executable or file difficult to discover or analyze by encrypting, encoding, or otherwise obfuscating its contents on the system or in transit. This is common behavior that can be us...",https://attack.mitre.org/techniques/T1027
T1556.006,Multi-Factor Authentication,Defense Impairment|Persistence|Credential Access,Adversaries may disable or modify multi-factor authentication (MFA) mechanisms to enable persistent access to compromised accounts.,https://attack.mitre.org/techniques/T1556/006
T1114.002,Remote Email Collection,Collection,"Adversaries may target an Exchange server, Office 365, or Google Workspace to collect sensitive information. Adversaries may leverage a user's credentials and interact directly with the Exchange server to acquire info...",https://attack.mitre.org/techniques/T1114/002
T1505.004,IIS Components,Persistence,Adversaries may install malicious components that run on Internet Information Services (IIS) web servers to establish persistence. IIS provides several mechanisms to extend the functionality of the web servers. For ex...,https://attack.mitre.org/techniques/T1505/004
T1036.001,Invalid Code Signature,Stealth,"Adversaries may attempt to mimic features of valid code signatures to increase the chance of deceiving a user, analyst, or tool. Code signing provides a level of authenticity on a binary from the developer and a guara...",https://attack.mitre.org/techniques/T1036/001
T1683,Generate Content,Resource Development,"Adversaries may create or generate content to support targeting and operations. This content may be used to establish personas, impersonate known individuals or organizations, and support [Social Engineering](https://...",https://attack.mitre.org/techniques/T1683
T1564.006,Run Virtual Instance,Stealth,Adversaries may carry out malicious operations using a virtual instance to avoid detection. A wide variety of virtualization technologies exist that allow for the emulation of a computer or computing environment. By r...,https://attack.mitre.org/techniques/T1564/006
T1027.014,Polymorphic Code,Stealth,Adversaries may utilize polymorphic code (also known as metamorphic or mutating code) to evade detection. Polymorphic code is a type of software capable of changing its runtime footprint during code execution.(Citatio...,https://attack.mitre.org/techniques/T1027/014
T1201,Password Policy Discovery,Discovery,Adversaries may attempt to access detailed information about the password policy used within an enterprise network or cloud environment. Password policies are a way to enforce complex passwords that are difficult to g...,https://attack.mitre.org/techniques/T1201
T1546,Event Triggered Execution,Privilege Escalation|Persistence,Adversaries may establish persistence and/or elevate privileges using system mechanisms that trigger execution based on specific events. Various operating systems have means to monitor and subscribe to events such as ...,https://attack.mitre.org/techniques/T1546
T1546.004,Unix Shell Configuration Modification,Privilege Escalation|Persistence,Adversaries may establish persistence through executing malicious commands triggered by a user’s shell. User [Unix Shell](https://attack.mitre.org/techniques/T1059/004)s execute several configuration scripts at differ...,https://attack.mitre.org/techniques/T1546/004
T1187,Forced Authentication,Credential Access,Adversaries may gather credential material by invoking or forcing a user to automatically provide authentication information through a mechanism in which they can intercept.,https://attack.mitre.org/techniques/T1187
T1134.005,SID-History Injection,Stealth|Privilege Escalation,Adversaries may use SID-History Injection to escalate privileges and bypass access controls. The Windows security identifier (SID) is a unique value that identifies a user or group account. SIDs are used by Windows se...,https://attack.mitre.org/techniques/T1134/005
T1599,Network Boundary Bridging,Defense Impairment,Adversaries may bridge network boundaries by compromising perimeter network devices or internal devices responsible for network segmentation. Breaching these devices may enable an adversary to bypass restrictions on t...,https://attack.mitre.org/techniques/T1599
T1486,Data Encrypted for Impact,Impact,Adversaries may encrypt data on target systems or on large numbers of systems in a network to interrupt availability to system and network resources. They can attempt to render stored data inaccessible by encrypting f...,https://attack.mitre.org/techniques/T1486
T1690,Prevent Command History Logging,Defense Impairment,Adversaries may impair command history logging to hide commands they run on a compromised system. Various command interpreters keep track of the commands users type in their terminal so that users can retrace what the...,https://attack.mitre.org/techniques/T1690
T1553,Subvert Trust Controls,Defense Impairment,Adversaries may undermine security controls that will either warn users of untrusted activity or prevent execution of untrusted programs. Operating systems and security products may contain mechanisms to identify prog...,https://attack.mitre.org/techniques/T1553
T1548.004,Elevated Execution with Prompt,Privilege Escalation,Adversaries may leverage the <code>AuthorizationExecuteWithPrivileges</code> API to escalate privileges by prompting the user for credentials.(Citation: AppleDocs AuthorizationExecuteWithPrivileges) The purpose of thi...,https://attack.mitre.org/techniques/T1548/004
T1592.003,Firmware,Reconnaissance,"Adversaries may gather information about the victim's host firmware that can be used during targeting. Information about host firmware may include a variety of details such as type and versions on specific hosts, whic...",https://attack.mitre.org/techniques/T1592/003
T1573,Encrypted Channel,Command And Control,"Adversaries may employ an encryption algorithm to conceal command and control traffic rather than relying on any inherent protections provided by a communication protocol. Despite the use of a secure algorithm, these ...",https://attack.mitre.org/techniques/T1573
T1547.002,Authentication Package,Persistence|Privilege Escalation,Adversaries may abuse authentication packages to execute DLLs when the system boots. Windows authentication package DLLs are loaded by the Local Security Authority (LSA) process at system start. They provide support f...,https://attack.mitre.org/techniques/T1547/002
T1218.010,Regsvr32,Stealth,"Adversaries may abuse Regsvr32.exe to proxy execution of malicious code. Regsvr32.exe is a command-line program used to register and unregister object linking and embedding controls, including dynamic link libraries (...",https://attack.mitre.org/techniques/T1218/010
T1567.003,Exfiltration to Text Storage Sites,Exfiltration,"Adversaries may exfiltrate data to text storage sites instead of their primary command and control channel. Text storage sites, such as <code>pastebin[.]com</code>, are commonly used by developers to share code and ot...",https://attack.mitre.org/techniques/T1567/003
T1592.002,Software,Reconnaissance,Adversaries may gather information about the victim's host software that can be used during targeting. Information about installed software may include a variety of details such as types and versions on specific hosts...,https://attack.mitre.org/techniques/T1592/002
T1056,Input Capture,Collection|Credential Access,"Adversaries may use methods of capturing user input to obtain credentials or collect information. During normal system usage, users often provide credentials to various different locations, such as login pages/portals...",https://attack.mitre.org/techniques/T1056
T1566.004,Spearphishing Voice,Initial Access,Adversaries may use voice communications to ultimately gain access to victim systems. Spearphishing voice is a specific variant of spearphishing. It is different from other forms of spearphishing in that it employs th...,https://attack.mitre.org/techniques/T1566/004
T1587.004,Exploits,Resource Development,Adversaries may develop exploits that can be used during targeting. An exploit takes advantage of a bug or vulnerability in order to cause unintended or unanticipated behavior to occur on computer hardware or software...,https://attack.mitre.org/techniques/T1587/004
T1685,Disable or Modify Tools,Defense Impairment,"Adversaries may disable, degrade, or tamper with security tools or applications (e.g., endpoint detection and response (EDR) tools, intrusion detection systems (IDS), antivirus, logging agents, sensors, etc.) to impai...",https://attack.mitre.org/techniques/T1685
T1593.001,Social Media,Reconnaissance,"Adversaries may search social media for information about victims that can be used during targeting. Social media sites may contain various information about a victim organization, such as business announcements as we...",https://attack.mitre.org/techniques/T1593/001
T1213.004,Customer Relationship Management Software,Collection,"Adversaries may leverage Customer Relationship Management (CRM) software to mine valuable information. CRM software is used to assist organizations in tracking and managing customer interactions, as well as storing cu...",https://attack.mitre.org/techniques/T1213/004
T1546.015,Component Object Model Hijacking,Privilege Escalation|Persistence,Adversaries may establish persistence by executing malicious content triggered by hijacked references to Component Object Model (COM) objects. COM is a system within Windows to enable interaction between software comp...,https://attack.mitre.org/techniques/T1546/015
T1589.001,Credentials,Reconnaissance,Adversaries may gather credentials that can be used during targeting. Account credentials gathered by adversaries may be those directly associated with the target victim organization or attempt to take advantage of th...,https://attack.mitre.org/techniques/T1589/001
T1195.002,Compromise Software Supply Chain,Initial Access,"Adversaries may manipulate application software prior to receipt by a final consumer for the purpose of data or system compromise. Supply chain compromise of software can take place in a number of ways, including mani...",https://attack.mitre.org/techniques/T1195/002
T1036.003,Rename Legitimate Utilities,Stealth,Adversaries may rename legitimate / system utilities to try to evade security mechanisms concerning the usage of those utilities. Security monitoring and control mechanisms may be in place for legitimate utilities adv...,https://attack.mitre.org/techniques/T1036/003
T1102.002,Bidirectional Communication,Command And Control,"Adversaries may use an existing, legitimate external Web service as a means for sending commands to and receiving output from a compromised system over the Web service channel. Compromised systems may leverage popular...",https://attack.mitre.org/techniques/T1102/002
T1203,Exploitation for Client Execution,Execution,Adversaries may exploit software vulnerabilities in client applications to execute code. Vulnerabilities can exist in software due to unsecure coding practices that can lead to unanticipated behavior. Adversaries can ...,https://attack.mitre.org/techniques/T1203
T1595.003,Wordlist Scanning,Reconnaissance,"Adversaries may iteratively probe infrastructure using brute-forcing and crawling techniques. While this technique employs similar methods to [Brute Force](https://attack.mitre.org/techniques/T1110), its goal is the i...",https://attack.mitre.org/techniques/T1595/003
T1667,Email Bombing,Impact,Adversaries may flood targeted email addresses with an overwhelming volume of messages. This may bury legitimate emails in a flood of spam and disrupt business operations.(Citation: sophos-bombing)(Citation: krebs-ema...,https://attack.mitre.org/techniques/T1667
T1137.004,Outlook Home Page,Persistence,Adversaries may abuse Microsoft Outlook's Home Page feature to obtain persistence on a compromised system. Outlook Home Page is a legacy feature used to customize the presentation of Outlook folders. This feature allo...,https://attack.mitre.org/techniques/T1137/004
T1573.002,Asymmetric Cryptography,Command And Control,"Adversaries may employ a known asymmetric encryption algorithm to conceal command and control traffic rather than relying on any inherent protections provided by a communication protocol. Asymmetric cryptography, also...",https://attack.mitre.org/techniques/T1573/002
T1567.002,Exfiltration to Cloud Storage,Exfiltration,"Adversaries may exfiltrate data to a cloud storage service rather than over their primary command and control channel. Cloud storage services allow for the storage, edit, and retrieval of data from a remote cloud stor...",https://attack.mitre.org/techniques/T1567/002
T1570,Lateral Tool Transfer,Lateral Movement,"Adversaries may transfer tools or other files between systems in a compromised environment. Once brought into the victim environment (i.e., [Ingress Tool Transfer](https://attack.mitre.org/techniques/T1105)) files may...",https://attack.mitre.org/techniques/T1570
T1574.009,Path Interception by Unquoted Path,Stealth|Execution,Adversaries may execute their own malicious payloads by hijacking vulnerable file path references. Adversaries can take advantage of paths that lack surrounding quotations by placing an executable in a higher level di...,https://attack.mitre.org/techniques/T1574/009
T1608.003,Install Digital Certificate,Resource Development,Adversaries may install SSL/TLS certificates that can be used during targeting. SSL/TLS certificates are files that can be installed on servers to enable secure communications between systems. Digital certificates inc...,https://attack.mitre.org/techniques/T1608/003
T1037.005,Startup Items,Persistence|Privilege Escalation,Adversaries may use startup items automatically executed at boot initialization to establish persistence. Startup items execute during the final phase of the boot process and contain shell scripts or other executable ...,https://attack.mitre.org/techniques/T1037/005
T1614.001,System Language Discovery,Discovery,"Adversaries may attempt to gather information about the system language of a victim in order to infer the geographical location of that host. This information may be used to shape follow-on behaviors, including whethe...",https://attack.mitre.org/techniques/T1614/001
T1095,Non-Application Layer Protocol,Command And Control,Adversaries may use an OSI non-application layer protocol for communication between host and C2 server or among infected hosts within a network. The list of possible protocols is extensive.(Citation: Wikipedia OSI) Sp...,https://attack.mitre.org/techniques/T1095
T1059.013,Container CLI/API,Execution,Adversaries may abuse built-in CLI tools or API calls to execute malicious commands in containerized environments.,https://attack.mitre.org/techniques/T1059/013
T1027.003,Steganography,Stealth,"Adversaries may use steganography techniques in order to prevent the detection of hidden information. Steganographic techniques can be used to hide data in digital media such as images, audio tracks, video clips, or t...",https://attack.mitre.org/techniques/T1027/003
T1584.002,DNS Server,Resource Development,"Adversaries may compromise third-party DNS servers that can be used during targeting. During post-compromise activity, adversaries may utilize DNS traffic for various tasks, including for Command and Control (ex: [App...",https://attack.mitre.org/techniques/T1584/002
T1671,Cloud Application Integration,Persistence,"Adversaries may achieve persistence by leveraging OAuth application integrations in a software-as-a-service environment. Adversaries may create a custom application, add a legitimate application into the environment, ...",https://attack.mitre.org/techniques/T1671
T1001.003,Protocol or Service Impersonation,Command And Control,"Adversaries may impersonate legitimate protocols or web service traffic to disguise command and control activity and thwart analysis efforts. By impersonating legitimate protocols or web services, adversaries can make...",https://attack.mitre.org/techniques/T1001/003
T1012,Query Registry,Discovery,"Adversaries may interact with the Windows Registry to gather information about the system, configuration, and installed software.",https://attack.mitre.org/techniques/T1012
T1030,Data Transfer Size Limits,Exfiltration,An adversary may exfiltrate data in fixed size chunks instead of whole files or limit packet sizes below certain thresholds. This approach may be used to avoid triggering network data transfer threshold alerts.,https://attack.mitre.org/techniques/T1030
T1550.004,Web Session Cookie,Lateral Movement,Adversaries can use stolen session cookies to authenticate to web applications and services. This technique bypasses some multi-factor authentication protocols since the session is already authenticated.(Citation: Pas...,https://attack.mitre.org/techniques/T1550/004
T1078.002,Domain Accounts,Stealth|Persistence|Privilege Escalation|Initial Access,"Adversaries may obtain and abuse credentials of a domain account as a means of gaining Initial Access, Persistence, Privilege Escalation, or Defense Evasion.(Citation: TechNet Credential Theft) Domain accounts are tho...",https://attack.mitre.org/techniques/T1078/002
T1218.009,Regsvcs/Regasm,Stealth,Adversaries may abuse Regsvcs and Regasm to proxy execution of code through a trusted Windows utility. Regsvcs and Regasm are Windows command-line utilities that are used to register .NET [Component Object Model](http...,https://attack.mitre.org/techniques/T1218/009
T1546.018,Python Startup Hooks,Persistence|Privilege Escalation,"Adversaries may achieve persistence by leveraging Python’s startup mechanisms, including path configuration (`.pth`) files and the `sitecustomize.py` or `usercustomize.py` modules. These files are automatically proces...",https://attack.mitre.org/techniques/T1546/018
T1553.004,Install Root Certificate,Defense Impairment,Adversaries may install a root certificate on a compromised system to avoid warnings when connecting to adversary controlled web servers. Root certificates are used in public key cryptography to identify a root certif...,https://attack.mitre.org/techniques/T1553/004
T1037.003,Network Logon Script,Persistence|Privilege Escalation,Adversaries may use network logon scripts automatically executed at logon initialization to establish persistence. Network logon scripts can be assigned using Active Directory or Group Policy Objects.(Citation: Petri ...,https://attack.mitre.org/techniques/T1037/003
T1499,Endpoint Denial of Service,Impact,Adversaries may perform Endpoint Denial of Service (DoS) attacks to degrade or block the availability of services to users. Endpoint DoS can be performed by exhausting the system resources those services are hosted on...,https://attack.mitre.org/techniques/T1499
T1027.004,Compile After Delivery,Stealth,Adversaries may attempt to make payloads difficult to discover and analyze by delivering files to victims as uncompiled code. Text-based source code files may subvert analysis and scrutiny from protections targeting e...,https://attack.mitre.org/techniques/T1027/004
T1688,Safe Mode Boot,Defense Impairment,Adversaries may abuse Windows safe mode to disable endpoint defenses. Safe mode starts up the Windows operating system with a limited set of drivers and services. Third-party security software such as endpoint detecti...,https://attack.mitre.org/techniques/T1688
T1614,System Location Discovery,Discovery,Adversaries may gather information in an attempt to calculate the geographical location of a victim host. Adversaries may use the information from [System Location Discovery](https://attack.mitre.org/techniques/T1614)...,https://attack.mitre.org/techniques/T1614
T1564.007,VBA Stomping,Stealth,Adversaries may hide malicious Visual Basic for Applications (VBA) payloads embedded within MS Office documents by replacing the VBA source code with benign data.(Citation: FireEye VBA stomp Feb 2020),https://attack.mitre.org/techniques/T1564/007
T1197,BITS Jobs,Stealth|Persistence|Execution,"Adversaries may abuse BITS jobs to persistently execute code and perform various background tasks. Windows Background Intelligent Transfer Service (BITS) is a low-bandwidth, asynchronous file transfer mechanism expose...",https://attack.mitre.org/techniques/T1197
T1127.001,MSBuild,Stealth|Execution,Adversaries may use MSBuild to proxy execution of code through a trusted Windows utility. MSBuild.exe (Microsoft Build Engine) is a software build platform used by Visual Studio. It handles XML formatted project files...,https://attack.mitre.org/techniques/T1127/001
T1578.005,Modify Cloud Compute Configurations,Defense Impairment,"Adversaries may modify settings that directly affect the size, locations, and resources available to cloud compute infrastructure in order to evade defenses. These settings may include service quotas, subscription ass...",https://attack.mitre.org/techniques/T1578/005
T1090.004,Domain Fronting,Command And Control,Adversaries may take advantage of routing schemes in Content Delivery Networks (CDNs) and other services which host multiple domains to obfuscate the intended destination of HTTPS traffic or traffic tunneled through H...,https://attack.mitre.org/techniques/T1090/004
T1557.002,ARP Cache Poisoning,Credential Access|Collection,Adversaries may poison Address Resolution Protocol (ARP) caches to position themselves between the communication of two or more networked devices. This activity may be used to enable follow-on behaviors such as [Netwo...,https://attack.mitre.org/techniques/T1557/002
T1518.001,Security Software Discovery,Discovery,"Adversaries may attempt to get a listing of security software, configurations, defensive tools, and sensors that are installed on a system or in a cloud environment. This may include things such as cloud monitoring ag...",https://attack.mitre.org/techniques/T1518/001
T1564.003,Hidden Window,Stealth,"Adversaries may use hidden windows to conceal malicious activity from the plain sight of users. In some cases, windows that would typically be displayed when an application carries out an operation can be hidden. This...",https://attack.mitre.org/techniques/T1564/003
T1127.002,ClickOnce,Stealth|Execution,Adversaries may use ClickOnce applications (.appref-ms and .application files) to proxy execution of code through a trusted Windows utility.(Citation: Burke/CISA ClickOnce BlackHat) ClickOnce is a deployment that enab...,https://attack.mitre.org/techniques/T1127/002
T1059.006,Python,Execution,"Adversaries may abuse Python commands and scripts for execution. Python is a very popular scripting/programming language, with capabilities to perform many functions. Python can be executed interactively from the comm...",https://attack.mitre.org/techniques/T1059/006
T1070.010,Relocate Malware,Stealth,"Once a payload is delivered, adversaries may reproduce copies of the same malware on the victim system to remove evidence of their presence and/or avoid defenses. Copying malware payloads to new locations may also be ...",https://attack.mitre.org/techniques/T1070/010
T1591.004,Identify Roles,Reconnaissance,"Adversaries may gather information about identities and roles within the victim organization that can be used during targeting. Information about business roles may reveal a variety of targetable details, including id...",https://attack.mitre.org/techniques/T1591/004
T1132,Data Encoding,Command And Control,Adversaries may encode data to make the content of command and control traffic more difficult to detect. Command and control (C2) information can be encoded using a standard data encoding system. Use of data encoding ...,https://attack.mitre.org/techniques/T1132
T1546.010,AppInit DLLs,Privilege Escalation|Persistence,Adversaries may establish persistence and/or elevate privileges by executing malicious content triggered by AppInit DLLs loaded into processes. Dynamic-link libraries (DLLs) that are specified in the <code>AppInit_DLL...,https://attack.mitre.org/techniques/T1546/010
T1598,Phishing for Information,Reconnaissance,"Adversaries may send phishing messages to elicit sensitive information that can be used during targeting. Phishing for information is an attempt to trick targets into divulging information, frequently credentials or o...",https://attack.mitre.org/techniques/T1598
T1496,Resource Hijacking,Impact,"Adversaries may leverage the resources of co-opted systems to complete resource-intensive tasks, which may impact system and/or hosted service availability.",https://attack.mitre.org/techniques/T1496
T1684.001,Impersonation,Stealth,"Adversaries may impersonate a trusted person or organization in order to persuade and trick a target into performing some action on their behalf. For example, adversaries may communicate with victims (via [Phishing fo...",https://attack.mitre.org/techniques/T1684/001
T1585,Establish Accounts,Resource Development,Adversaries may create and cultivate accounts with services that can be used during targeting. Adversaries can create accounts that can be used to build a persona to further operations. Persona development consists of...,https://attack.mitre.org/techniques/T1585
T1588,Obtain Capabilities,Resource Development,"Adversaries may buy and/or steal capabilities that can be used during targeting. Rather than developing their own capabilities in-house, adversaries may purchase, freely download, or steal them. Activities may include...",https://attack.mitre.org/techniques/T1588
T1546.002,Screensaver,Privilege Escalation|Persistence,Adversaries may establish persistence by executing malicious content triggered by user inactivity. Screensavers are programs that execute after a configurable time of user inactivity and consist of Portable Executable...,https://attack.mitre.org/techniques/T1546/002
T1556.009,Conditional Access Policies,Defense Impairment|Persistence|Credential Access,Adversaries may disable or modify conditional access policies to enable persistent access to compromised accounts. Conditional access policies are additional verifications used by identity providers and identity and a...,https://attack.mitre.org/techniques/T1556/009
T1578.002,Create Cloud Instance,Defense Impairment,An adversary may create a new instance or virtual machine (VM) within the compute service of a cloud account to evade defenses. Creating a new instance may allow an adversary to bypass firewall rules and permissions t...,https://attack.mitre.org/techniques/T1578/002
T1555.006,Cloud Secrets Management Stores,Credential Access,"Adversaries may acquire credentials from cloud-native secret management solutions such as AWS Secrets Manager, GCP Secret Manager, Azure Key Vault, and Terraform Vault.",https://attack.mitre.org/techniques/T1555/006
T1213.003,Code Repositories,Collection,Adversaries may leverage code repositories to collect valuable information. Code repositories are tools/services that store source code and automate software builds. They may be hosted internally or privately on third...,https://attack.mitre.org/techniques/T1213/003
T1565.002,Transmitted Data Manipulation,Impact,"Adversaries may alter data en route to storage or other systems in order to manipulate external outcomes or hide activity, thus threatening the integrity of the data.(Citation: FireEye APT38 Oct 2018)(Citation: DOJ La...",https://attack.mitre.org/techniques/T1565/002
T1003.008,/etc/passwd and /etc/shadow,Credential Access,Adversaries may attempt to dump the contents of <code>/etc/passwd</code> and <code>/etc/shadow</code> to enable offline password cracking. Most modern Linux operating systems use a combination of <code>/etc/passwd</co...,https://attack.mitre.org/techniques/T1003/008
T1543.001,Launch Agent,Persistence|Privilege Escalation,"Adversaries may create or modify launch agents to repeatedly execute malicious payloads as part of persistence. When a user logs in, a per-user launchd process is started which loads the parameters for each launch-on-...",https://attack.mitre.org/techniques/T1543/001
T1569,System Services,Execution,Adversaries may abuse system services or daemons to execute commands or programs. Adversaries can execute malicious content by interacting with or creating services either locally or remotely. Many services are set to...,https://attack.mitre.org/techniques/T1569
T1059.003,Windows Command Shell,Execution,Adversaries may abuse the Windows command shell for execution. The Windows command shell ([cmd](https://attack.mitre.org/software/S0106)) is the primary command prompt on Windows systems. The Windows command prompt ca...,https://attack.mitre.org/techniques/T1059/003
T1055.009,Proc Memory,Stealth|Privilege Escalation,Adversaries may inject malicious code into processes via the /proc filesystem in order to evade process-based defenses as well as possibly elevate privileges. Proc memory injection is a method of executing arbitrary c...,https://attack.mitre.org/techniques/T1055/009
T1650,Acquire Access,Resource Development,Adversaries may purchase or otherwise acquire an existing access to a target system or network. A variety of online services and initial access broker networks are available to sell access to previously compromised sy...,https://attack.mitre.org/techniques/T1650
T1601.001,Patch System Image,Defense Impairment,Adversaries may modify the operating system of a network device to introduce new capabilities or weaken existing defenses.(Citation: Killing the myth of Cisco IOS rootkits) (Citation: Killing IOS diversity myth) (Cita...,https://attack.mitre.org/techniques/T1601/001
T1558.002,Silver Ticket,Credential Access,"Adversaries who have the password hash of a target service account (e.g. SharePoint, MSSQL) may forge Kerberos ticket granting service (TGS) tickets, also known as silver tickets. Kerberos TGS tickets are also known a...",https://attack.mitre.org/techniques/T1558/002
T1213,Data from Information Repositories,Collection,"Adversaries may leverage information repositories to mine valuable information. Information repositories are tools that allow for storage of information, typically to facilitate collaboration or information sharing be...",https://attack.mitre.org/techniques/T1213
T1070.009,Clear Persistence,Stealth,"Adversaries may clear artifacts associated with previously established persistence on a host system to remove evidence of their activity. This may involve various actions, such as removing services, deleting executabl...",https://attack.mitre.org/techniques/T1070/009
T1059.012,Hypervisor CLI,Execution,Adversaries may abuse hypervisor command line interpreters (CLIs) to execute malicious commands. Hypervisor CLIs typically enable a wide variety of functionality for managing both the hypervisor itself and the guest v...,https://attack.mitre.org/techniques/T1059/012
T1555.004,Windows Credential Manager,Credential Access,"Adversaries may acquire credentials from the Windows Credential Manager. The Credential Manager stores credentials for signing into websites, applications, and/or devices that request authentication through NTLM or Ke...",https://attack.mitre.org/techniques/T1555/004
T1036.010,Masquerade Account Name,Stealth,"Adversaries may match or approximate the names of legitimate accounts to make newly created ones appear benign. This will typically occur during [Create Account](https://attack.mitre.org/techniques/T1136), although ac...",https://attack.mitre.org/techniques/T1036/010
T1200,Hardware Additions,Initial Access,"Adversaries may physically introduce computer accessories, networking hardware, or other computing devices into a system or network that can be used as a vector to gain access. Rather than just connecting and distribu...",https://attack.mitre.org/techniques/T1200
T1219.002,Remote Desktop Software,Command And Control,An adversary may use legitimate desktop support software to establish an interactive command and control channel to target systems within networks. Desktop support software provides a graphical interface for remotely ...,https://attack.mitre.org/techniques/T1219/002
T1505,Server Software Component,Persistence,Adversaries may abuse legitimate extensible development features of servers to establish persistent access to systems. Enterprise server applications may include features that allow developers to write and install sof...,https://attack.mitre.org/techniques/T1505
T1485,Data Destruction,Impact,"Adversaries may destroy data and files on specific systems or in large numbers on a network to interrupt availability to systems, services, and network resources. Data destruction is likely to render stored data irrec...",https://attack.mitre.org/techniques/T1485
T1132.002,Non-Standard Encoding,Command And Control,Adversaries may encode data with a non-standard data encoding system to make the content of command and control traffic more difficult to detect. Command and control (C2) information can be encoded using a non-standar...,https://attack.mitre.org/techniques/T1132/002
T1556.001,Domain Controller Authentication,Defense Impairment|Persistence|Credential Access,Adversaries may patch the authentication process on a domain controller to bypass the typical authentication mechanisms and enable access to accounts.,https://attack.mitre.org/techniques/T1556/001
T1537,Transfer Data to Cloud Account,Exfiltration,"Adversaries may exfiltrate data by transferring the data, including through sharing/syncing and creating backups of cloud environments, to another cloud account they control on the same service.",https://attack.mitre.org/techniques/T1537
T1027.006,HTML Smuggling,Stealth,Adversaries may smuggle data and files past content filters by hiding malicious payloads inside of seemingly benign HTML files. HTML documents can store large binary objects known as JavaScript Blobs (immutable data t...,https://attack.mitre.org/techniques/T1027/006
T1556.005,Reversible Encryption,Defense Impairment|Persistence|Credential Access,An adversary may abuse Active Directory authentication encryption properties to gain access to credentials on Windows systems. The <code>AllowReversiblePasswordEncryption</code> property specifies whether reversible p...,https://attack.mitre.org/techniques/T1556/005
T1027.010,Command Obfuscation,Stealth,Adversaries may obfuscate content during command execution to impede detection. Command-line obfuscation is a method of making strings and patterns within commands and scripts more difficult to signature and analyze. ...,https://attack.mitre.org/techniques/T1027/010
T1070.004,File Deletion,Stealth,"Adversaries may delete files left behind by the actions of their intrusion activity. Malware, tools, or other non-native files dropped or created on a system by an adversary (ex: [Ingress Tool Transfer](https://attack...",https://attack.mitre.org/techniques/T1070/004
T1189,Drive-by Compromise,Initial Access,"Adversaries may gain access to a system through a user visiting a website over the normal course of browsing. Multiple ways of delivering exploit code to a browser exist (i.e., [Drive-by Target](https://attack.mitre.o...",https://attack.mitre.org/techniques/T1189
T1498,Network Denial of Service,Impact,Adversaries may perform Network Denial of Service (DoS) attacks to degrade or block the availability of targeted resources to users. Network DoS can be performed by exhausting the network bandwidth services rely on. E...,https://attack.mitre.org/techniques/T1498
T1651,Cloud Administration Command,Execution,"Adversaries may abuse cloud management services to execute commands within virtual machines. Resources such as AWS Systems Manager, Azure RunCommand, and Runbooks allow users to remotely run scripts in virtual machine...",https://attack.mitre.org/techniques/T1651
T1546.016,Installer Packages,Privilege Escalation|Persistence,Adversaries may establish persistence and elevate privileges by using an installer to trigger the execution of malicious content. Installer packages are OS specific and contain the resources an operating system needs ...,https://attack.mitre.org/techniques/T1546/016
T1595.001,Scanning IP Blocks,Reconnaissance,"Adversaries may scan victim IP blocks to gather information that can be used during targeting. Public IP addresses may be allocated to organizations by block, or a range of sequential addresses.",https://attack.mitre.org/techniques/T1595/001
T1221,Template Injection,Stealth,"Adversaries may create or modify references in user document templates to conceal malicious code or force authentication attempts. For example, Microsoft’s Office Open XML (OOXML) specification defines an XML-based fo...",https://attack.mitre.org/techniques/T1221
T1037.004,RC Scripts,Persistence|Privilege Escalation,"Adversaries may establish persistence by modifying RC scripts, which are executed during a Unix-like system’s startup. These files allow system administrators to map and start custom services at startup for different ...",https://attack.mitre.org/techniques/T1037/004
T1134,Access Token Manipulation,Stealth|Privilege Escalation,Adversaries may modify access tokens to operate under a different user or system security context to perform actions and bypass access controls. Windows uses access tokens to determine the ownership of a running proce...,https://attack.mitre.org/techniques/T1134
T1111,Multi-Factor Authentication Interception,Credential Access,"Adversaries may target multi-factor authentication (MFA) mechanisms, (i.e., smart cards, token generators, etc.) to gain access to credentials that can be used to access systems, services, and network resources. Use o...",https://attack.mitre.org/techniques/T1111
T1027.002,Software Packing,Stealth,Adversaries may perform software packing or virtual machine software protection to conceal their code. Software packing is a method of compressing or encrypting an executable. Packing an executable changes the file si...,https://attack.mitre.org/techniques/T1027/002
T1584.007,Serverless,Resource Development,"Adversaries may compromise serverless cloud infrastructure, such as Cloudflare Workers, AWS Lambda functions, or Google Apps Scripts, that can be used during targeting. By utilizing serverless infrastructure, adversar...",https://attack.mitre.org/techniques/T1584/007
T1071.001,Web Protocols,Command And Control,"Adversaries may communicate using application layer protocols associated with web traffic to avoid detection/network filtering by blending in with existing traffic. Commands to the remote system, and often the results...",https://attack.mitre.org/techniques/T1071/001
T1059.005,Visual Basic,Execution,Adversaries may abuse Visual Basic (VB) for execution. VB is a programming language created by Microsoft with interoperability with many Windows technologies such as [Component Object Model](https://attack.mitre.org/t...,https://attack.mitre.org/techniques/T1059/005
T1564.005,Hidden File System,Stealth,"Adversaries may use a hidden file system to conceal malicious activity from users and security tools. File systems provide a structure to store and access data from physical storage. Typically, a user engages with a f...",https://attack.mitre.org/techniques/T1564/005
T1543.002,Systemd Service,Persistence|Privilege Escalation,Adversaries may create or modify systemd services to repeatedly execute malicious payloads as part of persistence. Systemd is a system and service manager commonly used for managing background daemon processes (also k...,https://attack.mitre.org/techniques/T1543/002
T1668,Exclusive Control,Persistence,"Adversaries who successfully compromise a system may attempt to maintain persistence by “closing the door” behind them  – in other words, by preventing other threat actors from initially accessing or maintaining a foo...",https://attack.mitre.org/techniques/T1668
T1563.002,RDP Hijacking,Lateral Movement,Adversaries may hijack a legitimate user’s remote desktop session to move laterally within an environment. Remote desktop is a common feature in operating systems. It allows a user to log into an interactive session w...,https://attack.mitre.org/techniques/T1563/002
T1136,Create Account,Persistence,"Adversaries may create an account to maintain access to victim systems.(Citation: Symantec WastedLocker June 2020) With a sufficient level of access, creating such accounts may be used to establish secondary credentia...",https://attack.mitre.org/techniques/T1136
T1547.013,XDG Autostart Entries,Persistence|Privilege Escalation,Adversaries may add or modify XDG Autostart Entries to execute malicious programs or commands when a user’s desktop environment is loaded at login. XDG Autostart entries are available for any XDG-compliant Linux syste...,https://attack.mitre.org/techniques/T1547/013
T1584.004,Server,Resource Development,"Adversaries may compromise third-party servers that can be used during targeting. Use of servers allows an adversary to stage, launch, and execute an operation. During post-compromise activity, adversaries may utilize...",https://attack.mitre.org/techniques/T1584/004
T1526,Cloud Service Discovery,Discovery,"An adversary may attempt to enumerate the cloud services running on a system after gaining access. These methods can differ from platform-as-a-service (PaaS), to infrastructure-as-a-service (IaaS), or software-as-a-se...",https://attack.mitre.org/techniques/T1526
T1204.004,Malicious Copy and Paste,Execution,An adversary may rely upon a user copying and pasting code in order to gain execution. Users may be subjected to social engineering to get them to copy and paste code directly into a [Command and Scripting Interpreter...,https://attack.mitre.org/techniques/T1204/004
T1018,Remote System Discovery,Discovery,"Adversaries may attempt to get a listing of other systems by IP address, hostname, or other logical identifier on a network that may be used for Lateral Movement from the current system. Functionality could exist with...",https://attack.mitre.org/techniques/T1018
T1046,Network Service Discovery,Discovery,"Adversaries may attempt to get a listing of services running on remote hosts and local network infrastructure devices, including those that may be vulnerable to remote software exploitation. Common methods to acquire ...",https://attack.mitre.org/techniques/T1046
T1590.001,Domain Properties,Reconnaissance,"Adversaries may gather information about the victim's network domain(s) that can be used during targeting. Information about domains and their properties may include a variety of details, including what domain(s) the ...",https://attack.mitre.org/techniques/T1590/001
T1518,Software Discovery,Discovery,Adversaries may attempt to get a listing of software and software versions that are installed on a system or in a cloud environment. Adversaries may use the information from [Software Discovery](https://attack.mitre.o...,https://attack.mitre.org/techniques/T1518
T1538,Cloud Service Dashboard,Discovery,"An adversary may use a cloud service dashboard GUI with stolen credentials to gain useful information from an operational cloud environment, such as specific services, resources, and features. For example, the GCP Com...",https://attack.mitre.org/techniques/T1538
T1055.005,Thread Local Storage,Stealth|Privilege Escalation,Adversaries may inject malicious code into processes via thread local storage (TLS) callbacks in order to evade process-based defenses as well as possibly elevate privileges. TLS callback injection is a method of exec...,https://attack.mitre.org/techniques/T1055/005
T1622,Debugger Evasion,Stealth|Discovery,Adversaries may employ various means to detect and avoid debuggers. Debuggers are typically used by defenders to trace and/or analyze the execution of potential malware payloads.(Citation: ProcessHacker Github),https://attack.mitre.org/techniques/T1622
T1036.006,Space after Filename,Stealth,"Adversaries can hide a program's true filetype by changing the extension of a file. With certain file types (specifically this does not work with .app extensions), appending a space to the end of a filename will chang...",https://attack.mitre.org/techniques/T1036/006
T1547.007,Re-opened Applications,Persistence|Privilege Escalation,"Adversaries may modify plist files to automatically run an application when a user logs in. When a user logs out or restarts via the macOS Graphical User Interface (GUI), a prompt is provided to the user with a checkb...",https://attack.mitre.org/techniques/T1547/007
T1608.006,SEO Poisoning,Resource Development,Adversaries may poison mechanisms that influence search engine optimization (SEO) to further lure staged capabilities towards potential victims. Search engines typically display results to users based on purchased ads...,https://attack.mitre.org/techniques/T1608/006
T1550.002,Pass the Hash,Lateral Movement,"Adversaries may “pass the hash” using stolen password hashes to move laterally within an environment, bypassing normal system access controls. Pass the hash (PtH) is a method of authenticating as a user without having...",https://attack.mitre.org/techniques/T1550/002
T1052,Exfiltration Over Physical Medium,Exfiltration,"Adversaries may attempt to exfiltrate data via a physical medium, such as a removable drive. In certain circumstances, such as an air-gapped network compromise, exfiltration could occur via a physical medium or device...",https://attack.mitre.org/techniques/T1052
T1105,Ingress Tool Transfer,Command And Control,Adversaries may transfer tools or other files from an external system into a compromised environment. Tools or files may be copied from an external adversary-controlled system to the victim network through the command...,https://attack.mitre.org/techniques/T1105
T1216.002,SyncAppvPublishingServer,Stealth,Adversaries may abuse SyncAppvPublishingServer.vbs to proxy execution of malicious [PowerShell](https://attack.mitre.org/techniques/T1059/001) commands. SyncAppvPublishingServer.vbs is a Visual Basic script associated...,https://attack.mitre.org/techniques/T1216/002
T1098.002,Additional Email Delegate Permissions,Persistence|Privilege Escalation,Adversaries may grant additional permission levels to maintain persistent access to an adversary-controlled email account.,https://attack.mitre.org/techniques/T1098/002
T1588.003,Code Signing Certificates,Resource Development,Adversaries may buy and/or steal code signing certificates that can be used during targeting. Code signing is the process of digitally signing executables and scripts to confirm the software author and guarantee that ...,https://attack.mitre.org/techniques/T1588/003
T1648,Serverless Execution,Execution,"Adversaries may abuse serverless computing, integration, and automation services to execute arbitrary code in cloud environments. Many cloud providers offer a variety of serverless resources, including compute engines...",https://attack.mitre.org/techniques/T1648
T1548.006,TCC Manipulation,Privilege Escalation,"Adversaries can manipulate or abuse the Transparency, Consent, & Control (TCC) service or database to grant malicious executables elevated permissions. TCC is a Privacy & Security macOS control mechanism used to deter...",https://attack.mitre.org/techniques/T1548/006
T1027.018,Invisible Unicode,Stealth,"Adversaries may abuse invisible or non-printing Unicode characters to conceal malicious content within files, scripts, or text. By inserting characters that do not visibly render, adversaries may hide data, alter how ...",https://attack.mitre.org/techniques/T1027/018
T1055.008,Ptrace System Calls,Stealth|Privilege Escalation,Adversaries may inject malicious code into processes via ptrace (process trace) system calls in order to evade process-based defenses as well as possibly elevate privileges. Ptrace system call injection is a method of...,https://attack.mitre.org/techniques/T1055/008
T1653,Power Settings,Persistence,"Adversaries may impair a system's ability to hibernate, reboot, or shut down in order to extend access to infected machines. When a computer enters a dormant state, some or all software and hardware may cease to opera...",https://attack.mitre.org/techniques/T1653
T1027.007,Dynamic API Resolution,Stealth,Adversaries may obfuscate then dynamically resolve API functions called by their malware in order to conceal malicious functionalities and impair defensive analysis. Malware commonly uses various [Native API](https://...,https://attack.mitre.org/techniques/T1027/007
T1021.001,Remote Desktop Protocol,Lateral Movement,Adversaries may use [Valid Accounts](https://attack.mitre.org/techniques/T1078) to log into a computer using the Remote Desktop Protocol (RDP). The adversary may then perform actions as the logged-on user.,https://attack.mitre.org/techniques/T1021/001
T1037.001,Logon Script (Windows),Persistence|Privilege Escalation,Adversaries may use Windows logon scripts automatically executed at logon initialization to establish persistence. Windows allows logon scripts to be run whenever a specific user or group of users log into a system.(C...,https://attack.mitre.org/techniques/T1037/001
T1055.015,ListPlanting,Stealth|Privilege Escalation,Adversaries may abuse list-view controls to inject malicious code into hijacked processes in order to evade process-based defenses as well as possibly elevate privileges. ListPlanting is a method of executing arbitrar...,https://attack.mitre.org/techniques/T1055/015
T1665,Hide Infrastructure,Command And Control,"Adversaries may manipulate network traffic in order to hide and evade detection of their C2 infrastructure. This can be accomplished by identifying and filtering traffic from defensive tools,(Citation: TA571) masking ...",https://attack.mitre.org/techniques/T1665
T1484,Domain or Tenant Policy Modification,Defense Impairment|Privilege Escalation,Adversaries may modify the configuration settings of a domain or identity tenant to evade defenses and/or escalate privileges in centrally managed environments. Such services provide a centralized means of managing id...,https://attack.mitre.org/techniques/T1484
T1220,XSL Script Processing,Stealth,Adversaries may bypass application control and obscure execution of code by embedding scripts inside XSL files. Extensible Stylesheet Language (XSL) files are commonly used to describe the processing and rendering of ...,https://attack.mitre.org/techniques/T1220
T1596.005,Scan Databases,Reconnaissance,"Adversaries may search within public scan databases for information about victims that can be used during targeting. Various online services continuously publish the results of Internet scans/surveys, often harvesting...",https://attack.mitre.org/techniques/T1596/005
T1564.001,Hidden Files and Directories,Stealth,"Adversaries may set files and directories to be hidden to evade detection mechanisms. To prevent normal users from accidentally changing special files on a system, most operating systems have the concept of a ‘hidden’...",https://attack.mitre.org/techniques/T1564/001
T1578.001,Create Snapshot,Defense Impairment,"An adversary may create a snapshot or data backup within a cloud account to evade defenses. A snapshot is a point-in-time copy of an existing cloud compute component such as a virtual machine (VM), virtual hard drive,...",https://attack.mitre.org/techniques/T1578/001
T1591.001,Determine Physical Locations,Reconnaissance,"Adversaries may gather the victim's physical location(s) that can be used during targeting. Information about physical locations of a target organization may include a variety of details, including where key resources...",https://attack.mitre.org/techniques/T1591/001
T1137.002,Office Test,Persistence,"Adversaries may abuse the Microsoft Office ""Office Test"" Registry key to obtain persistence on a compromised system. An Office Test Registry location exists that allows a user to specify an arbitrary DLL that will be ...",https://attack.mitre.org/techniques/T1137/002
T1587,Develop Capabilities,Resource Development,"Adversaries may build capabilities that can be used during targeting. Rather than purchasing, freely downloading, or stealing capabilities, adversaries may develop their own capabilities in-house. This is the process ...",https://attack.mitre.org/techniques/T1587
T1003.003,NTDS,Credential Access,"Adversaries may attempt to access or create a copy of the Active Directory domain database in order to steal credential information, as well as obtain other information about domain members such as devices, users, and...",https://attack.mitre.org/techniques/T1003/003
T1686.001,Cloud Firewall,Defense Impairment,Adversaries may disable or modify a firewall within a cloud environment to bypass controls that limit access to cloud resources.,https://attack.mitre.org/techniques/T1686/001
T1602.001,SNMP (MIB Dump),Collection,Adversaries may target the Management Information Base (MIB) to collect and/or mine valuable information in a network managed using Simple Network Management Protocol (SNMP).,https://attack.mitre.org/techniques/T1602/001
T1686,Disable or Modify System Firewall,Defense Impairment,"Adversaries may disable or modify host-based or network firewalls to impair defensive mechanisms and enable further action. Once an adversary has gathered sufficient privileges, they can tamper with firewall services,...",https://attack.mitre.org/techniques/T1686
T1001.002,Steganography,Command And Control,Adversaries may use steganographic techniques to hide command and control traffic to make detection efforts more difficult. Steganographic techniques can be used to hide data in digital messages that are transferred b...,https://attack.mitre.org/techniques/T1001/002
T1204.001,Malicious Link,Execution,An adversary may rely upon a user clicking a malicious link in order to gain execution. Users may be subjected to social engineering to get them to click on a link that will lead to code execution. This user action wi...,https://attack.mitre.org/techniques/T1204/001
T1550.001,Application Access Token,Lateral Movement,"Adversaries may use stolen application access tokens to bypass the typical authentication process and access restricted accounts, information, or services on remote systems. These tokens are typically stolen from user...",https://attack.mitre.org/techniques/T1550/001
T1547.008,LSASS Driver,Persistence|Privilege Escalation,Adversaries may modify or add LSASS drivers to obtain persistence on compromised systems. The Windows security subsystem is a set of components that manage and enforce the security policy for a computer or domain. The...,https://attack.mitre.org/techniques/T1547/008
T1569.002,Service Execution,Execution,Adversaries may abuse the Windows service control manager to execute malicious commands or payloads. The Windows service control manager (<code>services.exe</code>) is an interface to manage and manipulate services.(C...,https://attack.mitre.org/techniques/T1569/002
T1078.004,Cloud Accounts,Stealth|Persistence|Privilege Escalation|Initial Access,"Valid accounts in cloud environments may allow adversaries to perform actions to achieve Initial Access, Persistence, Privilege Escalation, or Defense Evasion. Cloud accounts are those created and configured by an org...",https://attack.mitre.org/techniques/T1078/004
T1480.001,Environmental Keying,Stealth,Adversaries may environmentally key payloads or other features of malware to evade defenses and constraint execution to a specific target environment. Environmental keying uses cryptography to constrain execution or a...,https://attack.mitre.org/techniques/T1480/001
T1008,Fallback Channels,Command And Control,Adversaries may use fallback or alternate communication channels if the primary channel is compromised or inaccessible in order to maintain reliable command and control and to avoid data transfer thresholds.,https://attack.mitre.org/techniques/T1008
T1680,Local Storage Discovery,Discovery,"Adversaries may enumerate local drives, disks, and/or volumes and their attributes like total or free space and volume serial number. This can be done to prepare for ransomware-related encryption, to perform [Lateral ...",https://attack.mitre.org/techniques/T1680
T1564.004,NTFS File Attributes,Stealth,Adversaries may use NTFS file attributes to hide their malicious data in order to evade detection. Every New Technology File System (NTFS) formatted partition contains a Master File Table (MFT) that maintains a record...,https://attack.mitre.org/techniques/T1564/004
T1558.003,Kerberoasting,Credential Access,Adversaries may abuse a valid Kerberos ticket-granting ticket (TGT) or sniff network traffic to obtain a ticket-granting service (TGS) ticket that may be vulnerable to [Brute Force](https://attack.mitre.org/techniques...,https://attack.mitre.org/techniques/T1558/003
T1003.006,DCSync,Credential Access,Adversaries may attempt to access credentials and other sensitive information by abusing a Windows Domain Controller's application programming interface (API)(Citation: Microsoft DRSR Dec 2017) (Citation: Microsoft Ge...,https://attack.mitre.org/techniques/T1003/006
T1124,System Time Discovery,Discovery,"An adversary may gather the system time and/or time zone settings from a local or remote system. The system time is set and stored by services, such as the Windows Time Service on Windows or <code>systemsetup</code> o...",https://attack.mitre.org/techniques/T1124
T1053.002,At,Execution|Persistence|Privilege Escalation,Adversaries may abuse the [at](https://attack.mitre.org/software/S0110) utility to perform task scheduling for initial or recurring execution of malicious code. The [at](https://attack.mitre.org/software/S0110) utilit...,https://attack.mitre.org/techniques/T1053/002
T1055.001,Dynamic-link Library Injection,Stealth|Privilege Escalation,Adversaries may inject dynamic-link libraries (DLLs) into processes in order to evade process-based defenses as well as possibly elevate privileges. DLL injection is a method of executing arbitrary code in the address...,https://attack.mitre.org/techniques/T1055/001
T1588.005,Exploits,Resource Development,"Adversaries may buy, steal, or download exploits that can be used during targeting. An exploit takes advantage of a bug or vulnerability in order to cause unintended or unanticipated behavior to occur on computer hard...",https://attack.mitre.org/techniques/T1588/005
T1556,Modify Authentication Process,Defense Impairment|Persistence|Credential Access,"Adversaries may modify authentication mechanisms and processes to access user credentials or enable otherwise unwarranted access to accounts. The authentication process is handled by mechanisms, such as the Local Secu...",https://attack.mitre.org/techniques/T1556
T1546.017,Udev Rules,Persistence|Privilege Escalation,"Adversaries may maintain persistence through executing malicious content triggered using udev rules. Udev is the Linux kernel device manager that dynamically manages device nodes, handles access to pseudo-device files...",https://attack.mitre.org/techniques/T1546/017
T1056.004,Credential API Hooking,Collection|Credential Access,Adversaries may hook into Windows application programming interface (API) functions and Linux system functions to collect user credentials. Malicious hooking mechanisms may capture API or function calls that include p...,https://attack.mitre.org/techniques/T1056/004
T1495,Firmware Corruption,Impact,"Adversaries may overwrite or corrupt the flash memory contents of system BIOS or other firmware in devices attached to a system in order to render them inoperable or unable to boot, thus denying the availability to us...",https://attack.mitre.org/techniques/T1495
T1490,Inhibit System Recovery,Impact,Adversaries may delete or remove built-in data and turn off services designed to aid in the recovery of a corrupted system to prevent recovery.(Citation: Talos Olympic Destroyer 2018)(Citation: FireEye WannaCry 2017) ...,https://attack.mitre.org/techniques/T1490
T1546.007,Netsh Helper DLL,Privilege Escalation|Persistence,Adversaries may establish persistence by executing malicious content triggered by Netsh Helper DLLs. Netsh.exe (also referred to as Netshell) is a command-line scripting utility used to interact with the network confi...,https://attack.mitre.org/techniques/T1546/007
T1566.003,Spearphishing via Service,Initial Access,Adversaries may send spearphishing messages via third-party services in an attempt to gain access to victim systems. Spearphishing via service is a specific variant of spearphishing. It is different from other forms o...,https://attack.mitre.org/techniques/T1566/003
T1090.001,Internal Proxy,Command And Control,Adversaries may use an internal proxy to direct command and control traffic between two or more systems in a compromised environment. Many tools exist that enable traffic redirection through proxies or port redirectio...,https://attack.mitre.org/techniques/T1090/001
T1216,System Script Proxy Execution,Stealth,"Adversaries may use trusted scripts, often signed with certificates, to proxy the execution of malicious files. Several Microsoft signed scripts that have been downloaded from Microsoft or are default on Windows insta...",https://attack.mitre.org/techniques/T1216
T1102.001,Dead Drop Resolver,Command And Control,"Adversaries may use an existing, legitimate external Web service to host information that points to additional command and control (C2) infrastructure. Adversaries may post content, known as a dead drop resolver, on W...",https://attack.mitre.org/techniques/T1102/001
T1001.001,Junk Data,Command And Control,Adversaries may add junk data to protocols used for command and control to make detection more difficult.(Citation: FireEye SUNBURST Backdoor December 2020) By adding random or meaningless data to the protocols used f...,https://attack.mitre.org/techniques/T1001/001
T1598.001,Spearphishing Service,Reconnaissance,Adversaries may send spearphishing messages via third-party services to elicit sensitive information that can be used during targeting. Spearphishing for information is an attempt to trick targets into divulging infor...,https://attack.mitre.org/techniques/T1598/001
T1505.006,vSphere Installation Bundles,Persistence,Adversaries may abuse vSphere Installation Bundles (VIBs) to establish persistent access to ESXi hypervisors. VIBs are collections of files used for software distribution and virtual system management in VMware enviro...,https://attack.mitre.org/techniques/T1505/006
T1552.007,Container API,Credential Access,"Adversaries may gather credentials via APIs within a containers environment. APIs in these environments, such as the Docker API and Kubernetes APIs, allow a user to remotely manage their container resources and cluste...",https://attack.mitre.org/techniques/T1552/007
T1584.001,Domains,Resource Development,Adversaries may hijack domains and/or subdomains that can be used during targeting. Domain registration hijacking is the act of changing the registration of a domain name without the permission of the original registr...,https://attack.mitre.org/techniques/T1584/001
T1505.001,SQL Stored Procedures,Persistence,Adversaries may abuse SQL stored procedures to establish persistent access to systems. SQL Stored Procedures are code that can be saved and reused so that database users do not waste time rewriting frequently used SQL...,https://attack.mitre.org/techniques/T1505/001
T1556.004,Network Device Authentication,Defense Impairment|Persistence|Credential Access,"Adversaries may use [Patch System Image](https://attack.mitre.org/techniques/T1601/001) to hard code a password in the operating system, thus bypassing of native authentication mechanisms for local accounts on network...",https://attack.mitre.org/techniques/T1556/004
T1561.001,Disk Content Wipe,Impact,Adversaries may erase the contents of storage devices on specific systems or in large numbers in a network to interrupt availability to system and network resources.,https://attack.mitre.org/techniques/T1561/001
T1213.005,Messaging Applications,Collection,"Adversaries may leverage chat and messaging applications, such as Microsoft Teams, Google Chat, and Slack, to mine valuable information.",https://attack.mitre.org/techniques/T1213/005
T1048.003,Exfiltration Over Unencrypted Non-C2 Protocol,Exfiltration,Adversaries may steal data by exfiltrating it over an un-encrypted network protocol other than that of the existing command and control channel. The data may also be sent to an alternate network location from the main...,https://attack.mitre.org/techniques/T1048/003
T1027.015,Compression,Stealth,"Adversaries may use compression to obfuscate their payloads or files. Compressed file formats such as ZIP, gzip, 7z, and RAR can compress and archive multiple files together to make it easier and faster to transfer fi...",https://attack.mitre.org/techniques/T1027/015
T1574.004,Dylib Hijacking,Stealth|Execution,Adversaries may execute their own payloads by placing a malicious dynamic library (dylib) with an expected name in a path a victim application searches at runtime. The dynamic loader will try to find the dylibs based ...,https://attack.mitre.org/techniques/T1574/004
T1601.002,Downgrade System Image,Defense Impairment,"Adversaries may install an older version of the operating system of a network device to weaken security.  Older operating system versions on network devices often have weaker encryption ciphers and, in general, fewer/...",https://attack.mitre.org/techniques/T1601/002
T1684.002,Email Spoofing,Stealth,"Adversaries may fake, or spoof, a sender’s identity by modifying the value of relevant email headers in order to establish contact with victims under false pretenses.(Citation: Proofpoint TA427 April 2024) In addition...",https://attack.mitre.org/techniques/T1684/002
T1078.003,Local Accounts,Stealth|Persistence|Privilege Escalation|Initial Access,"Adversaries may obtain and abuse credentials of a local account as a means of gaining Initial Access, Persistence, Privilege Escalation, or Defense Evasion. Local accounts are those configured by an organization for u...",https://attack.mitre.org/techniques/T1078/003
T1669,Wi-Fi Networks,Initial Access,Adversaries may gain initial access to target systems by connecting to wireless networks. They may accomplish this by exploiting open Wi-Fi networks used by target devices or by accessing secured Wi-Fi networks — requ...,https://attack.mitre.org/techniques/T1669
T1211,Exploitation for Stealth,Stealth,"Adversaries may exploit vulnerabilities to evade detection by hiding activity, suppressing logging, or operating within trusted or unmonitored components.",https://attack.mitre.org/techniques/T1211
T1127,Trusted Developer Utilities Proxy Execution,Stealth|Execution,Adversaries may take advantage of trusted developer utilities to proxy execution of malicious payloads. There are many utilities used for software development related tasks that can be used to execute code in various ...,https://attack.mitre.org/techniques/T1127
T1529,System Shutdown/Reboot,Impact,"Adversaries may shutdown/reboot systems to interrupt access to, or aid in the destruction of, those systems. Operating systems may contain commands to initiate a shutdown/reboot of a machine or network device. In some...",https://attack.mitre.org/techniques/T1529
T1218.014,MMC,Stealth,Adversaries may abuse mmc.exe to proxy execution of malicious .msc files. Microsoft Management Console (MMC) is a binary that may be signed by Microsoft and is used in several ways in either its GUI or in a command pr...,https://attack.mitre.org/techniques/T1218/014
T1564.010,Process Argument Spoofing,Stealth,"Adversaries may attempt to hide process command-line arguments by overwriting process memory. Process command-line arguments are stored in the process environment block (PEB), a data structure used by Windows to store...",https://attack.mitre.org/techniques/T1564/010
T1574.012,COR_PROFILER,Stealth|Execution,Adversaries may leverage the COR_PROFILER environment variable to hijack the execution flow of programs that load the .NET CLR. The COR_PROFILER is a .NET Framework feature which allows developers to specify an unmana...,https://attack.mitre.org/techniques/T1574/012
